state,Biden,Bloomberg,County,Rpt.,Sanders,Town,Warren
AL,67575,8729,Jefferson,100%,16149,,7311
AL,25916,4113,Madison,100%,10487,,3622
AL,26923,4277,Mobile,100%,6612,,1585
AL,23465,4178,Montgomery,100%,4509,,1484
AL,11825,2175,Tuscaloosa,100%,3552,,1684
AL,9543,1415,Shelby,90%,3795,,1672
AL,7321,1516,Baldwin,100%,2475,,892
AL,7369,1070,Lee,100%,2609,,1218
AL,6236,1070,Dallas,100%,897,,237
AL,4855,881,Calhoun,100%,1506,,457
AL,4127,701,Limestone,100%,1411,,400
AL,4617,917,Talladega,100%,803,,197
AL,3954,917,Morgan,100%,1250,,339
AL,3568,740,Lauderdale,100%,1547,,470
AL,3749,808,Etowah,100%,1048,,258
AL,3912,432,Houston,100%,928,,238
AL,3089,591,Elmore,100%,737,,259
AL,2996,603,Colbert,100%,783,,181
AL,3221,634,Russell,100%,566,,111
AL,3067,654,Macon,100%,481,,166
AL,2268,457,St. Clair,100%,835,,283
AL,2239,427,Autauga,100%,604,,193
AL,2406,433,Lowndes,100%,386,,54
AL,2120,882,Marengo,100%,241,,52
AL,2012,706,Sumter,100%,289,,57
AL,1968,932,Clarke,100%,258,,43
AL,1864,654,Wilcox,100%,284,,62
AL,1581,364,Marshall,100%,777,,190
AL,1835,569,Chambers,100%,285,,61
AL,2094,296,Perry,100%,178,,69
AL,1762,438,Tallapoosa,100%,302,,83
AL,1786,219,Pike,100%,433,,105
AL,1327,950,Hale,100%,175,,44
AL,1899,287,Barbour,100%,202,,57
AL,1262,317,Cullman,100%,633,,173
AL,1597,276,Coffee,100%,433,,118
AL,1214,704,Conecuh,100%,254,,52
AL,1782,406,Greene,100%,191,,21
AL,1716,405,Monroe,100%,205,,38
AL,1390,260,Walker,100%,538,,136
AL,1656,203,Dale,100%,401,,86
AL,1351,440,Choctaw,100%,216,,30
AL,1569,356,Bullock,100%,149,,44
AL,1193,267,DeKalb,100%,571,,114
AL,1451,507,Butler,100%,171,,28
AL,1142,752,Pickens,100%,196,,29
AL,1462,341,Escambia,100%,218,,48
AL,1355,343,Lawrence,100%,256,,68
AL,1039,267,Jackson,100%,403,,89
AL,1109,246,Washington,100%,156,,37
AL,858,168,Chilton,100%,231,,63
AL,1020,108,Henry,100%,167,,22
AL,856,166,Covington,100%,185,,45
AL,654,147,Blount,100%,336,,91
AL,633,155,Franklin,100%,222,,38
AL,522,326,Randolph,100%,122,,28
AL,559,243,Bibb,100%,138,,34
AL,554,221,Crenshaw,100%,70,,17
AL,574,156,Coosa,100%,99,,21
AL,455,147,Cherokee,100%,163,,42
AL,511,138,Geneva,100%,107,,32
AL,401,217,Fayette,100%,98,,39
AL,486,94,Clay,100%,74,,27
AL,324,117,Lamar,100%,159,,11
AL,398,104,Marion,100%,134,,35
AL,266,75,Winston,100%,117,,32
AL,219,43,Cleburne,100%,60,,25
AR,24535,8959,Pulaski,100%,11033,,6234
AR,6894,3002,Washington,100%,8440,,3865
AR,5739,2813,Benton,98%,5259,,2434
AR,5015,2236,Jefferson,85%,1493,,648
AR,3054,1221,Faulkner,100%,2499,,1293
AR,3122,1531,Saline,100%,1816,,834
AR,2886,1547,Garland,100%,1648,,676
AR,2731,1486,Sebastian,100%,1914,,667
AR,1844,873,Craighead,100%,1393,,486
AR,1252,559,Lonoke,98%,794,,295
AR,1353,589,White,100%,647,,275
AR,1671,571,Crittenden,92%,495,,144
AR,1070,490,Pope,100%,858,,322
AR,1058,568,Crawford,100%,622,,218
AR,1349,355,Union,100%,450,,112
AR,734,290,Carroll,38%,721,,306
AR,955,398,Baxter,67%,446,,188
AR,1181,367,Saint Francis,80%,295,,84
AR,972,369,Conway,100%,359,,124
AR,1217,348,Ouachita,100%,295,,67
AR,1006,379,Mississippi,100%,320,,100
AR,947,282,Clark,100%,330,,150
AR,796,338,Independence,100%,353,,200
AR,735,344,Hot Spring,100%,452,,111
AR,646,426,Greene,100%,398,,132
AR,959,294,Phillips,94%,286,,94
AR,1068,215,Miller,89%,270,,77
AR,570,302,Johnson,100%,354,,161
AR,676,265,Boone,100%,406,,152
AR,652,263,Drew,100%,224,,81
AR,711,266,Chicot,67%,197,,45
AR,640,227,Desha,100%,173,,45
AR,555,277,Cleburne,44%,178,,85
AR,633,133,Ashley,94%,253,,62
AR,610,187,Columbia,100%,175,,50
AR,418,217,Van Buren,100%,198,,120
AR,390,202,Madison,100%,267,,92
AR,391,209,Lawrence,100%,187,,78
AR,380,124,Bradley,75%,116,,44
AR,415,260,Logan,100%,163,,76
AR,333,246,Randolph,100%,225,,72
AR,343,158,Stone,90%,246,,112
AR,466,193,Jackson,100%,163,,57
AR,417,188,Sharp,89%,193,,63
AR,548,149,Hempstead,100%,128,,42
AR,355,246,Franklin,100%,147,,72
AR,353,191,Grant,100%,171,,85
AR,436,141,Monroe,35%,160,,45
AR,341,161,Yell,100%,166,,88
AR,450,158,Arkansas,93%,125,,81
AR,429,161,Cross,95%,149,,44
AR,327,148,Marion,100%,206,,72
AR,270,157,Polk,100%,206,,74
AR,391,154,Poinsett,100%,167,,49
AR,331,160,Fulton,77%,154,,56
AR,269,182,Perry,100%,164,,71
AR,356,120,Izard,86%,143,,64
AR,420,142,Lee,82%,112,,12
AR,370,106,Lincoln,46%,119,,20
AR,379,94,Little River,100%,97,,36
AR,302,119,Woodruff,92%,120,,57
AR,354,81,Howard,91%,103,,37
AR,262,179,Clay,100%,115,,35
AR,350,108,Dallas,100%,58,,18
AR,286,96,Prairie,89%,94,,30
AR,299,77,Nevada,100%,90,,34
AR,255,94,Sevier,100%,105,,32
AR,226,85,Montgomery,100%,83,,36
AR,184,61,Newton,95%,137,,53
AR,190,68,Pike,100%,73,,42
AR,192,91,Scott,96%,61,,19
AR,185,70,Cleveland,100%,66,,17
AR,237,40,Lafayette,93%,37,,8
AR,121,52,Searcy,88%,82,,45
AR,141,66,Calhoun,71%,52,,13
CA,239851,101544,Los Angeles,71%,337846,,110270
CA,79279,44487,San Diego,100%,91626,,38615
CA,61845,38281,Orange,100%,86885,,24244
CA,38166,31052,Santa Clara,100%,56392,,22033
CA,32196,19946,San Francisco,100%,47705,,32817
CA,33345,19742,Riverside,76%,39672,,10354
CA,30590,15341,Alameda,89%,43745,,23137
CA,37675,15188,San Bernardino,100%,47324,,8931
CA,29938,21648,Contra Costa,100%,30361,,13779
CA,18576,18356,San Mateo,65%,25443,,12198
CA,18448,13202,Sacramento,100%,28646,,9410
CA,21507,10562,Ventura,100%,24131,,8755
CA,13906,11709,Sonoma,100%,20942,,9519
CA,13152,11184,Marin,79%,12217,,8507
CA,17452,8022,Solano,100%,14545,,5190
CA,12023,7319,Fresno,52%,17248,,3952
CA,9524,4143,Santa Cruz,100%,15999,,6668
CA,9187,5013,Santa Barbara,100%,14103,,5487
CA,9413,5770,Monterey,100%,12055,,4098
CA,7678,4028,San Luis Obispo,99%,9692,,4740
CA,8336,5770,Placer,96%,7531,,3242
CA,8232,4297,Kern,100%,9888,,2251
CA,8621,5314,San Joaquin,78%,8684,,1875
CA,6518,3218,Tulare,49%,8764,,1688
CA,5681,4110,Stanislaus,100%,7252,,1580
CA,3904,2012,Butte,100%,7386,,2855
CA,4799,2290,Yolo,100%,7054,,3443
CA,4533,2986,El Dorado,100%,4770,,2232
CA,3075,1008,Humboldt,100%,8542,,2653
CA,1932,3086,Napa,100%,3183,,1466
CA,3011,1710,Merced,100%,4271,,829
CA,1642,1722,Nevada,100%,4243,,1461
CA,2692,1038,Shasta,100%,2869,,1161
CA,2019,1290,Madera,100%,2780,,591
CA,1906,1251,Tuolumne,100%,2143,,808
CA,1152,839,Mendocino,99%,3206,,1013
CA,2089,878,Imperial,100%,3005,,421
CA,1409,551,Siskiyou,84%,1956,,818
CA,1602,949,Amador,100%,1150,,604
CA,1093,801,San Benito,100%,1728,,413
CA,1029,696,Sutter,100%,1716,,327
CA,829,810,Calaveras,100%,1086,,423
CA,1022,626,Lake,100%,1088,,302
CA,953,547,Kings,74%,997,,201
CA,803,526,Yuba,100%,953,,249
CA,673,301,Tehama,100%,773,,265
CA,468,343,Plumas,100%,689,,345
CA,640,213,Del Norte,100%,932,,304
CA,573,289,Inyo,100%,846,,349
CA,527,173,Mono,100%,594,,268
CA,378,222,Mariposa,80%,516,,255
CA,373,116,Lassen,100%,349,,152
CA,289,149,Glenn,100%,327,,95
CA,255,105,Trinity,100%,425,,127
CA,258,163,Colusa,100%,401,,77
CA,121,51,Modoc,100%,151,,59
CA,100,59,Sierra,100%,124,,70
CA,66,15,Alpine,100%,81,,45
CO,31203,25614,Denver,48%,54694,,30877
CO,29099,23479,Jefferson,100%,42518,,21283
CO,26585,21330,Arapahoe,100%,36749,,16075
CO,21620,14291,Boulder,55%,34929,,21475
CO,19196,13519,El Paso,100%,26119,,11567
CO,15595,10315,Larimer,100%,26478,,13595
CO,14477,12306,Adams,100%,26928,,8438
CO,13702,11009,Douglas,100%,12934,,6961
CO,7232,5885,Weld,100%,11650,,4234
CO,6865,6148,Pueblo,89%,7028,,2358
CO,4105,2972,Broomfield,100%,5420,,3000
CO,4431,3067,Mesa,100%,5093,,2495
CO,2622,1573,La Plata,100%,4337,,2032
CO,2416,2261,Eagle,100%,2942,,1233
CO,1955,1466,Garfield,100%,3028,,1324
CO,1619,1144,Summit,100%,2230,,943
CO,1473,1204,Routt,100%,1817,,871
CO,1298,1434,Pitkin,100%,1430,,572
CO,1037,792,Chaffee,100%,1494,,760
CO,1065,1022,Fremont,73%,1194,,548
CO,1140,861,Montrose,100%,1169,,533
CO,718,529,Gunnison,<1%,1858,,635
CO,772,647,Delta,100%,1346,,522
CO,696,422,Montezuma,100%,1218,,463
CO,724,469,Teller,92%,903,,454
CO,554,379,Park,75%,974,,414
CO,544,470,Grand,100%,839,,352
CO,447,347,San Miguel,<1%,1015,,352
CO,638,534,Las Animas,6%,687,,225
CO,583,547,Elbert,100%,608,,296
CO,462,343,Alamosa,13%,919,,326
CO,525,517,Otero,10%,657,,177
CO,469,377,Clear Creek,100%,709,,323
CO,457,370,Archuleta,13%,639,,320
CO,455,478,Morgan,100%,549,,203
CO,308,290,Huerfano,100%,477,,190
CO,343,197,Ouray,100%,499,,249
CO,286,173,Lake,100%,599,,220
CO,319,342,Logan,88%,381,,153
CO,289,317,Rio Grande,<1%,478,,160
CO,384,275,Conejos,<1%,472,,78
CO,227,182,Gilpin,100%,573,,236
CO,177,167,Saguache,100%,601,,169
CO,197,156,Costilla,63%,313,,82
CO,196,186,Prowers,<1%,222,,84
CO,143,90,Moffat,10%,201,,81
CO,148,111,Custer,100%,134,,106
CO,124,127,Yuma,93%,105,,55
CO,105,126,Bent,100%,151,,35
CO,92,104,Kit Carson,<1%,108,,36
CO,80,78,Crowley,<1%,69,,28
CO,71,58,Rio Blanco,100%,80,,49
CO,73,70,Phillips,100%,69,,26
CO,60,50,Lincoln,100%,74,,47
CO,67,38,Baca,89%,60,,28
CO,48,36,Mineral,100%,60,,44
CO,34,31,San Juan,<1%,86,,38
CO,40,40,Sedgwick,100%,57,,25
CO,39,35,Washington,<1%,62,,27
CO,38,23,Dolores,25%,71,,28
CO,25,26,Hinsdale,<1%,36,,19
CO,32,8,Jackson,100%,26,,14
CO,21,26,Cheyenne,80%,13,,8
CO,23,18,Kiowa,25%,16,,5
MA,43210,11878,,100%,43154,Boston,39188
MA,7362,2133,,100%,10180,Cambridge,15198
MA,10510,4734,,100%,4994,Newton,8441
MA,4325,1082,,100%,9847,Somerville,11060
MA,8215,2470,,100%,8837,Worcester,4388
MA,5691,2092,,100%,3606,Brookline,6523
MA,4799,1404,,100%,3913,Arlington,7101
MA,5848,2005,,100%,5236,Quincy,3494
MA,6631,1824,,100%,5711,Springfield,2181
MA,4077,1877,,100%,4681,Medford,4473
MA,5012,1757,,100%,3292,Framingham,3312
MA,5018,1862,,100%,2168,Concord,4258
MA,3929,1469,,100%,4988,Lowell,2291
MA,3840,1274,,100%,3558,Waltham,3487
MA,5005,1705,,100%,2987,Plymouth,1826
MA,2554,669,,100%,4283,Northampton,4394
MA,4553,1517,,100%,3161,Weymouth,1929
MA,4871,1098,,100%,3434,Brockton,1421
MA,3008,1039,,100%,4036,Salem,2781
MA,3782,1187,,100%,4102,Lynn,1580
MA,3706,1588,,100%,1715,Lexington,3263
MA,3690,1329,,83%,3781,New Bedford,1317
MA,2871,802,,100%,3030,Watertown,3569
MA,3573,1152,,100%,3516,Haverhill,1571
MA,3759,1276,,100%,2002,Natick,2632
MA,4115,1850,,100%,1288,Needham,2390
MA,3375,1223,,100%,2778,Beverly,2322
MA,2801,876,,100%,3704,Malden,2297
MA,3954,1589,,100%,2319,Peabody,1188
MA,3876,1372,,100%,2203,Barnstable,1399
MA,3105,1094,,100%,1933,Melrose,2496
MA,3503,1243,,100%,1875,Falmouth,1658
MA,2681,1043,,100%,1805,Belmont,2856
MA,3388,1289,,100%,2630,Fall River,914
MA,3388,1283,,100%,2630,Hull,914
MA,3491,1205,,100%,1545,Milton,1937
MA,3036,1315,,91%,1752,Andover,1910
MA,2871,1127,,100%,2044,Chelmsford,1664
MA,3483,775,,100%,2428,Pittsfield,1393
MA,3143,1116,,100%,2056,Braintree,1203
MA,2845,1027,,100%,2151,Woburn,1499
MA,1587,364,,100%,3222,Amherst,2659
MA,3243,1668,,100%,905,Wellesley,1707
MA,2801,1161,,100%,1464,Reading,1618
MA,2655,972,,100%,2217,Billerica,1122
MA,2576,848,,100%,1623,Norwood,1277
MA,2457,903,,100%,2037,Gloucester,1535
MA,2405,910,,100%,1964,Marlborough,1369
MA,2847,882,,100%,1810,Shrewsbury,1225
MA,2398,894,,100%,2280,Methuen,917
MA,2731,886,,100%,2215,Taunton,814
MA,2555,931,,100%,1589,Dedham,1514
MA,2706,968,,100%,2313,Chicopee,752
MA,2631,939,,100%,1546,Franklin,1263
MA,1391,925,,100%,3001,Lawrence,1044
MA,2149,823,,100%,1332,Acton,1996
MA,2404,1179,,100%,1087,Winchester,1555
MA,2657,1245,,100%,1097,Marblehead,1341
MA,1998,828,,100%,2390,Revere,951
MA,2694,492,,100%,1614,Randolph,765
MA,2286,932,,100%,1400,Wakefield,1363
MA,2189,822,,100%,2033,Attleboro,989
MA,2266,850,,100%,1426,Westford,1310
MA,2302,843,,100%,1267,Newburyport,1342
MA,2264,745,,100%,1806,Leominster,872
MA,2231,826,,100%,1403,North Andover,1127
MA,1653,680,,100%,2359,Holyoke,1092
MA,2190,979,,100%,1303,Marshfield,858
MA,2119,840,,100%,1423,Tewksbury,776
MA,2391,865,,100%,881,Sudbury,1359
MA,1993,859,,100%,1431,Danvers,842
MA,2042,889,,100%,1136,Walpole,997
MA,2183,846,,100%,1091,Canton,993
MA,2037,882,,<1%,1046,Sharon,1188
MA,2169,703,,100%,1376,Stoughton,858
MA,2000,736,,100%,1256,Stoneham,991
MA,1804,741,,100%,1285,Burlington,930
MA,2256,819,,100%,1105,Yarmouth,761
MA,2088,877,,100%,1065,Scituate,866
MA,1891,632,,100%,1603,Westfield,709
MA,1719,686,,100%,1513,Dracut,537
MA,1102,361,,100%,2019,Easthampton,1439
MA,1521,511,,100%,1948,Everett,739
MA,1763,622,,100%,1271,Mansfield,877
MA,1773,690,,100%,1176,Wilmington,817
MA,1609,581,,100%,1668,Fitchburg,674
MA,1938,689,,100%,1374,Dartmouth,639
MA,1951,611,,100%,1079,Easton,794
MA,1023,283,,100%,2108,Greenfield,1119
MA,1777,571,,100%,1322,North Attleborough,741
MA,1868,555,,100%,1140,Sandwich,720
MA,1619,611,,100%,1239,Milford,688
MA,1723,666,,100%,1231,Saugus,580
MA,1538,514,,100%,1181,Hudson,846
MA,1811,782,,100%,702,Westwood,875
MA,1569,703,,100%,885,Swampscott,949
MA,1623,480,,20%,1174,Holden,776
MA,1355,434,,100%,1251,Amesbury,831
MA,1374,462,,100%,1190,South Hadley,943
MA,1463,519,,100%,1008,Westborough,902
MA,1521,526,,100%,1184,Bridgewater,633
MA,1441,532,,100%,888,Ashland,888
MA,1449,503,,100%,878,Holliston,920
MA,1313,563,,100%,734,Bedford,1088
MA,1497,588,,100%,1113,Agawam,511
MA,1491,561,,100%,747,Hopkinton,874
MA,1520,661,,100%,794,Dennis,584
MA,1370,512,,100%,1039,Winthrop,664
MA,1286,483,,100%,906,Ipswich,892
MA,1528,580,,100%,811,Bourne,580
MA,843,436,,100%,1650,Chelsea,699
MA,1450,635,,100%,729,Longmeadow,690
MA,1386,474,,100%,877,Northborough,749
MA,1367,410,,100%,1058,Grafton,663
MA,1469,518,,100%,861,Foxborough,607
MA,1410,486,,100%,934,Pembroke,512
MA,1308,451,,100%,1034,Middleborough,532
MA,1493,602,,100%,566,Medfield,644
MA,1307,414,,100%,987,Wareham,498
MA,1264,502,,100%,750,Harwich,571
MA,1266,415,,100%,1074,West Springfield,435
MA,1269,583,,100%,676,Mashpee,468
MA,1274,468,,100%,733,North Reading,559
MA,957,251,,100%,881,Maynard,1075
MA,997,256,,100%,1008,Belchertown,787
MA,1212,412,,100%,925,Rockland,364
MA,1075,378,,100%,678,Groton,760
MA,1288,793,,100%,298,Weston,556
MA,1037,455,,100%,764,Brewster,606
MA,1239,440,,100%,747,Somerset,411
MA,1121,398,,100%,878,Norton,423
MA,1213,381,,100%,800,Auburn,429
MA,1201,503,,100%,575,Hanover,460
MA,1099,415,,100%,863,Ludlow,324
MA,1038,366,,100%,930,Gardner,333
MA,1148,444,,100%,726,Westport,419
MA,996,375,,100%,741,Abington,435
MA,1136,369,,100%,666,East Longmeadow,405
MA,936,294,,100%,683,Littleton,700
MA,1039,402,,100%,597,Wilbraham,432
MA,1005,367,,100%,540,Southborough,550
MA,994,284,,100%,752,Whitman,350
MA,1032,350,,100%,704,Kingston,350
MA,952,355,,100%,595,Rockport,547
MA,1052,373,,100%,622,Nantucket,384
MA,1072,402,,100%,453,Norwell,431
MA,863,304,,100%,761,Clinton,390
MA,828,387,,100%,394,Lincoln,711
MA,1017,430,,50%,310,Wayland,585
MA,810,260,,100%,722,Pepperell,461
MA,938,441,,100%,404,Lynnfield,413
MA,965,283,,100%,587,Tyngsborough,330
MA,509,145,,100%,1076,Montague,472
MA,787,265,,100%,652,East Bridgewater,347
MA,877,303,,100%,595,Swansea,276
MA,874,291,,100%,522,Wrentham,391
MA,796,164,,100%,822,North Adams,390
MA,867,302,,100%,564,Raynham,255
MA,850,240,,100%,610,Uxbridge,308
MA,738,150,,100%,496,Williamstown,718
MA,735,288,,100%,604,Millbury,355
MA,943,426,,100%,319,Cohasset,361
MA,807,276,,100%,599,Seekonk,345
MA,728,279,,100%,489,Millis,391
MA,843,350,,100%,442,Norfolk,374
MA,735,351,,100%,408,Orleans,421
MA,766,300,,100%,437,Newbury,411
MA,696,211,,100%,407,Harvard,614
MA,694,221,,100%,599,Holbrook,311
MA,440,262,,100%,501,Stow,617
MA,709,204,,100%,617,Oxford,222
MA,704,328,,100%,356,Boxford,341
MA,614,254,,100%,541,Lakeville,242
MA,676,231,,100%,508,Hanson,250
MA,679,235,,100%,515,Charlton,231
MA,698,297,,100%,344,Chatham,330
MA,692,198,,100%,454,Sturbridge,316
MA,601,232,,100%,421,Eastham,347
MA,697,235,,100%,442,Georgetown,290
MA,431,244,,100%,650,Northbridge,308
MA,731,214,,100%,377,Hamilton,403
MA,603,195,,100%,485,Sterling,299
MA,648,212,,100%,473,Upton,310
MA,592,268,,100%,469,Salisbury,246
MA,629,221,,100%,513,Leicester,224
MA,704,387,,100%,226,Dover,317
MA,583,255,,100%,505,Southbridge,196
MA,632,302,,100%,378,Middleton,213
MA,528,114,,100%,565,Hadley,424
MA,657,242,,100%,353,Mattapoisett,300
MA,524,170,,100%,527,Ayer,335
MA,647,195,,100%,407,West Boylston,244
MA,556,230,,100%,292,Carlisle,437
MA,463,129,,100%,552,Deerfield,415
MA,629,189,,100%,470,Rehoboth,252
MA,590,167,,100%,541,Palmer,213
MA,561,186,,100%,342,Bolton,411
MA,536,184,,100%,461,Merrimac,251
MA,633,190,,100%,357,Lenox,329
MA,544,207,,100%,398,Plainville,245
MA,522,168,,100%,395,Boxborough,412
MA,677,141,,100%,502,Adams,180
MA,598,185,,100%,440,Westminster,227
MA,620,194,,100%,373,Sutton,239
MA,549,170,,100%,472,Rutland,245
MA,570,163,,100%,451,Spencer,219
MA,427,169,,100%,508,Townsend,251
MA,542,183,,100%,400,Groveland,234
MA,540,141,,100%,228,Provincetown,362
MA,564,264,,100%,211,Sherborn,319
MA,500,164,,100%,349,Lancaster,311
MA,391,137,,100%,549,Athol,186
MA,506,172,,100%,406,Dudley,196
MA,521,177,,100%,362,Rowley,242
MA,453,160,,100%,428,Monson,238
MA,541,214,,100%,290,Marion,248
MA,548,180,,100%,285,West Newbury,266
MA,493,188,,100%,340,Oak Bluffs,254
MA,456,144,,100%,394,Southampton,261
MA,437,135,,100%,399,Tisbury,297
MA,519,171,,100%,363,Halifax,190
MA,582,114,,100%,369,Dalton,208
MA,387,137,,100%,413,Shirley,257
MA,494,184,,100%,398,Freetown,143
MA,389,133,,100%,361,West Tisbury,335
MA,509,127,,100%,347,Hopedale,209
MA,511,107,,100%,371,Lee,221
MA,458,153,,100%,320,Edgartown,235
MA,461,174,,100%,333,West Bridgewater,158
MA,373,128,,100%,350,Wellfleet,309
MA,462,143,,100%,331,Blackstone,164
MA,419,136,,100%,414,Ware,175
MA,358,138,,100%,404,Granby,208
MA,455,148,,100%,309,Boylston,207
MA,394,196,,100%,358,Southwick,141
MA,388,135,,100%,383,Winchendon,142
MA,371,114,,100%,383,Ashburnham,192
MA,432,112,,100%,353,Douglas,161
MA,402,198,,100%,227,Nahant,210
MA,318,97,,100%,428,Orange,181
MA,383,114,,100%,314,Mendon,202
MA,400,191,,100%,178,Wenham,240
MA,415,120,,100%,338,Dighton,136
MA,382,151,,100%,277,Essex,209
MA,202,52,,100%,391,Williamsburg,369
MA,381,148,,100%,313,Templeton,122
MA,305,104,,100%,329,Hatfield,250
MA,225,61,,100%,426,Sunderland,283
MA,331,121,,100%,253,Paxton,193
MA,328,110,,100%,249,Princeton,192
MA,277,81,,100%,348,Barre,141
MA,129,26,,100%,371,Shutesbury,346
MA,338,105,,100%,273,Berkley,111
MA,259,111,,100%,226,Berlin,248
MA,312,95,,100%,277,Avon,111
MA,286,78,,100%,278,Hubbardston,131
MA,294,91,,100%,222,Dunstable,163
MA,347,101,,100%,207,Hampden,104
MA,293,71,,100%,214,Sheffield,194
MA,186,51,,100%,298,Northfield,192
MA,191,44,,100%,251,Conway,225
MA,147,29,,100%,267,Ashfield,224
MA,152,33,,100%,273,Shelburne,205
MA,245,75,,100%,154,Stockbridge,160
MA,275,67,,100%,204,West Brookfield,82
MA,212,75,,50%,212,Warren,98
MA,262,46,,100%,197,Lanesborough,114
MA,189,77,,100%,234,Ashby,102
MA,137,26,,100%,207,Pelham,253
MA,275,65,,100%,169,Cheshire,92
MA,145,30,,100%,230,Buckland,189
MA,210,75,,25%,159,Lunenburg,106
MA,249,64,,100%,149,Plympton,73
MA,185,63,,100%,206,Bernardston,70
MA,131,81,,100%,143,Chilmark,134
MA,155,49,,100%,162,Whately,122
MA,166,82,,17%,154,Fairhaven,59
MA,188,44,,100%,150,Brookfield,77
MA,219,59,,100%,97,Richmond,99
MA,148,38,,100%,147,West Stockbridge,119
MA,142,39,,100%,164,Gill,113
MA,154,71,,100%,119,Egremont,104
MA,151,56,,100%,119,Hardwick,89
MA,172,48,,100%,139,Millville,41
MA,186,52,,100%,110,Hinsdale,58
MA,146,47,,100%,100,New Marlborough,86
MA,87,19,,100%,175,Colrain,97
MA,92,42,,100%,123,Worthington,112
MA,139,37,,100%,114,Holland,60
MA,142,31,,100%,100,Becket,85
MA,140,28,,100%,111,Oakham,60
MA,125,49,,100%,93,East Brookfield,40
MA,74,22,,100%,117,Chesterfield,92
MA,84,23,,100%,139,Erving,52
MA,149,17,,100%,81,Clarksburg,55
MA,73,24,,100%,115,Cummington,86
MA,100,44,,100%,95,Otis,51
MA,81,14,,100%,125,Charlemont,67
MA,74,30,,100%,89,Goshen,90
MA,82,35,,100%,109,Phillipston,44
MA,72,39,,100%,72,Monterey,70
MA,98,17,,100%,94,Royalston,39
MA,87,27,,100%,74,Granville,46
MA,71,22,,100%,78,Leyden,72
MA,83,39,,100%,87,Wales,30
MA,52,18,,100%,71,Plainfield,86
MA,41,7,,100%,108,Warwick,48
MA,85,20,,100%,82,Windsor,35
MA,69,15,,100%,64,New Braintree,46
MA,57,13,,100%,73,Heath,51
MA,57,29,,100%,64,Chester,27
MA,51,31,,100%,67,Aquinnah,26
MA,70,14,,100%,43,Washington,33
MA,79,19,,100%,37,Blandford,30
MA,59,6,,100%,62,Peru,18
MA,46,17,,100%,45,Sandisfield,33
MA,53,23,,100%,48,Montgomery,19
MA,41,12,,100%,28,Middlefield,42
MA,45,9,,100%,46,Florida,15
MA,25,19,,100%,46,Savoy,14
MA,44,12,,100%,25,Hawley,24
MA,32,11,,100%,37,Rowe,22
MA,32,14,,100%,20,Tolland,7
MA,0,0,,0%,0,Acushnet,0
MA,0,0,,0%,0,Alford,0
MA,0,0,,0%,0,Bellingham,0
MA,0,0,,0%,0,Brimfield,0
MA,0,0,,0%,0,Carver,0
MA,0,0,,0%,0,Duxbury,0
MA,0,0,,0%,0,Gosnold,0
MA,0,0,,0%,0,Great Barrington,0
MA,0,0,,0%,0,Hancock,0
MA,0,0,,0%,0,Hingham,0
MA,0,0,,0%,0,Huntington,0
MA,0,0,,0%,0,Leverett,0
MA,0,0,,0%,0,Manchester,0
MA,0,0,,0%,0,Medway,0
MA,0,0,,0%,0,Monroe,0
MA,0,0,,0%,0,Mount Washington,0
MA,0,0,,0%,0,New Ashford,0
MA,0,0,,0%,0,New Salem,0
MA,0,0,,0%,0,North Brookfield,0
MA,0,0,,0%,0,Petersham,0
MA,0,0,,0%,0,Rochester,0
MA,0,0,,0%,0,Russell,0
MA,0,0,,0%,0,Topsfield,0
MA,0,0,,0%,0,Truro,0
MA,0,0,,0%,0,Tyringham,0
MA,0,0,,0%,0,Webster,0
MA,0,0,,0%,0,Wendell,0
MA,0,0,,0%,0,Westhampton,0
ME,4742,1314,,100%,8375,Portland,4647
ME,1924,583,,100%,2277,South Portland,1277
ME,1750,570,,100%,1537,Brunswick,1335
ME,1546,636,,100%,1035,Scarborough,637
ME,1396,613,,100%,1339,Lewiston,563
ME,1151,428,,100%,1446,Bangor,676
ME,1103,543,,100%,1290,Biddeford,344
ME,1178,484,,100%,1111,Saco,459
ME,1246,454,,100%,675,Falmouth,519
ME,1117,419,,100%,713,Cape Elizabeth,559
ME,1110,392,,100%,782,York,429
ME,956,269,,100%,1002,Gorham,436
ME,900,396,,100%,800,Auburn,344
ME,975,383,,100%,660,Kennebunk,390
ME,1040,307,,100%,542,Yarmouth,491
ME,733,235,,100%,1058,Westbrook,427
ME,738,226,,100%,783,Waterville,482
ME,798,261,,100%,673,Freeport,450
ME,776,198,,100%,730,Kittery,437
ME,789,328,,100%,731,Augusta,297
ME,753,260,,100%,827,Windham,258
ME,763,293,,100%,716,Sanford,220
ME,441,114,,100%,1117,Orono,369
ME,769,285,,100%,442,Cumberland,356
ME,663,256,,100%,502,Topsham,353
ME,787,223,,100%,470,Wells,238
ME,555,196,,100%,653,Bath,366
ME,585,191,,100%,467,Camden,401
ME,604,294,,100%,452,Old Orchrd Bch,225
ME,570,302,,100%,354,Millinocket,161
ME,495,166,,100%,571,Belfast,335
ME,544,142,,100%,474,Eliot,210
ME,339,99,,100%,627,Bar Harbor,315
ME,474,107,,100%,501,South Berwick,277
ME,358,107,,100%,504,Rockland,252
ME,476,226,,100%,287,Harpswell,184
ME,381,147,,100%,316,Brewer,129
ME,333,107,,100%,426,Old Town,133
ME,345,141,,100%,358,Standish,125
ME,376,108,,100%,356,Buxton,135
ME,331,96,,100%,363,Gray,154
ME,243,75,,100%,517,Farmington,152
ME,324,114,,100%,359,Ellsworth,161
ME,426,104,,100%,260,Hampden,161
ME,385,187,,100%,223,Winslow,103
ME,356,92,,100%,280,North Yarmouth,182
ME,307,124,,100%,252,Rockport,185
ME,332,46,,100%,377,Berwick,94
ME,331,118,,100%,287,Winthrop,92
ME,365,126,,100%,194,Kennebunkport,144
ME,310,96,,100%,315,Gardiner,118
ME,299,125,,100%,267,Lisbon,96
ME,250,80,,100%,256,Hallowell,183
ME,304,135,,100%,220,Skowhegan,46
ME,224,80,,100%,231,Blue Hill,163
ME,251,75,,100%,251,New Gloucester,117
ME,201,91,,100%,289,Waterboro,77
ME,258,94,,100%,239,Bridgton,85
ME,249,89,,100%,229,Raymond,86
ME,266,100,,100%,193,Poland,70
ME,267,85,,100%,195,Arundel,92
ME,224,68,,100%,250,North Berwick,79
ME,204,54,,100%,231,Waldoboro,105
ME,217,69,,100%,225,Norway,80
ME,211,93,,100%,135,Turner,143
ME,225,80,,100%,168,Bristol,113
ME,200,100,,100%,181,Oakland,86
ME,272,83,,100%,149,Presque Isle,66
ME,234,82,,100%,145,St. George,105
ME,167,57,,100%,220,Mount Desert,119
ME,226,94,,100%,182,Rumford,41
ME,161,39,,100%,195,Bowdoinham,137
ME,165,51,,100%,245,Lincolnville,93
ME,203,89,,100%,184,Fairfield,55
ME,233,83,,100%,147,Jay,55
ME,184,90,,100%,191,Lyman,38
ME,279,98,,100%,102,Madawaska,26
ME,265,105,,100%,107,Fort Kent,32
ME,178,58,,100%,180,Newcastle,89
ME,177,62,,100%,191,Hollis,69
ME,196,80,,100%,127,Boothbay,83
ME,196,60,,100%,150,China,78
ME,227,75,,100%,142,Hermon,34
ME,190,76,,100%,141,Woolwich,77
ME,254,89,,100%,104,Caribou,30
ME,169,66,,100%,174,Paris,64
ME,155,60,,100%,182,Damariscotta,77
ME,181,53,,100%,192,Lebanon,45
ME,167,81,,100%,148,Vassalboro,68
ME,172,64,,100%,156,Bucksport,64
ME,175,49,,100%,189,Fryeburg,49
ME,182,50,,100%,128,Readfield,82
ME,192,56,,100%,126,Sidney,59
ME,172,72,,100%,144,Naples,50
ME,137,52,,100%,161,Durham,69
ME,155,56,,100%,169,Richmond,46
ME,163,39,,100%,149,Bethel,75
ME,149,54,,100%,169,Wiscasset,57
ME,162,55,,100%,141,Winterport,67
ME,177,48,,100%,139,Monmouth,48
ME,173,49,,100%,144,Alfred,47
ME,142,62,,100%,152,Casco,51
ME,155,91,,100%,108,Sabattus,48
ME,119,41,,100%,155,Southwest Harbor,81
ME,160,62,,100%,130,West Gardiner,44
ME,180,48,,100%,122,Wilton,50
ME,154,68,,100%,106,Boothbay Harbor,54
ME,153,57,,100%,129,Farmingdale,35
ME,132,60,,100%,136,Glenburn,47
ME,144,89,,100%,86,Phippsburg,60
ME,116,43,,100%,160,Warren,56
ME,145,63,,100%,100,Belgrade,53
ME,119,56,,100%,159,Limington,29
ME,185,66,,100%,56,Ogunquit,36
ME,174,42,,100%,90,Manchester,41
ME,149,60,,100%,111,Greene,27
ME,128,42,,100%,156,Limerick,28
ME,138,44,,100%,106,Litchfield,52
ME,89,33,,100%,156,Hope,71
ME,137,35,,100%,111,Pownal,64
ME,123,34,,100%,132,Nobleboro,45
ME,128,37,,100%,117,Union,55
ME,127,42,,100%,129,Harrison,32
ME,111,48,,100%,113,Northport,64
ME,142,47,,100%,100,West Bath,47
ME,139,41,,100%,88,Deer Isle,71
ME,147,43,,100%,102,Milford,37
ME,131,37,,100%,101,Jefferson,48
ME,137,38,,100%,97,Orland,54
ME,137,40,,100%,99,Holden,45
ME,110,55,,100%,110,Searsport,42
ME,87,41,,100%,114,Surry,73
ME,143,57,,100%,93,Madison,17
ME,95,39,,100%,110,Whitefield,66
ME,104,25,,100%,113,Lamoine,58
ME,109,44,,100%,107,Dover-Foxcroft,44
ME,95,39,,100%,108,Acton,40
ME,91,37,,100%,118,Tremont,50
ME,100,33,,100%,120,Veazie,42
ME,102,63,,100%,79,Pittsfield,41
ME,98,31,,100%,95,Bowdoin,51
ME,120,40,,100%,87,Owl's Head,36
ME,113,43,,100%,91,Norridgewock,29
ME,109,41,,100%,103,Pittston,25
ME,64,16,,100%,178,Unity,26
ME,112,22,,100%,86,Mount Vernon,48
ME,98,27,,100%,83,Georgetown,65
ME,109,33,,100%,103,Mexico,22
ME,103,63,,100%,80,Livermore,23
ME,63,16,,100%,172,Waldo,24
ME,78,27,,100%,101,Sedgwick,63
ME,124,30,,100%,74,Houlton,38
ME,109,41,,100%,90,Lincoln,22
ME,95,42,,100%,94,Minot,30
ME,100,41,,100%,95,Livermore Falls,16
ME,97,47,,100%,72,South Thomaston,47
ME,114,29,,100%,78,Edgecomb,42
ME,132,23,,100%,74,Fort Fairfield,22
ME,93,36,,100%,78,Stockton Springs,41
ME,97,51,,100%,78,Dexter,19
ME,87,38,,100%,98,Sebago,25
ME,102,33,,100%,84,Shapleigh,19
ME,70,16,,100%,109,Dresden,48
ME,108,26,,100%,60,Wayne,44
ME,86,29,,100%,98,Mechanic Falls,27
ME,59,27,,100%,106,Searsmont,50
ME,79,38,,100%,75,Hancock,37
ME,62,14,,100%,116,Appleton,50
ME,79,29,,100%,78,Brooksville,50
ME,101,38,,100%,66,Chelsea,27
ME,87,29,,100%,75,Eastport,42
ME,108,34,,100%,61,Newport,27
ME,72,28,,100%,80,Vinalhaven,53
ME,95,32,,100%,66,Lubec,40
ME,93,41,,100%,66,Gouldsboro,27
ME,82,15,,100%,73,Brooklin,54
ME,94,32,,100%,62,Dayton,30
ME,104,30,,100%,64,Leeds,21
ME,90,34,,100%,78,Benton,21
ME,69,23,,100%,83,Trenton,46
ME,80,25,,100%,91,Parsonsfield,24
ME,84,29,,100%,67,Otisfield,34
ME,91,34,,100%,69,South Bristol,25
ME,96,21,,100%,65,Dedham,30
ME,79,40,,100%,63,Randolph,25
ME,61,21,,100%,95,Washington,33
ME,108,40,,100%,43,Van Buren,9
ME,83,28,,100%,62,Cushing,30
ME,68,31,,100%,53,Bremen,33
ME,70,23,,100%,69,Castine,37
ME,82,12,,100%,68,Waterford,31
ME,84,32,,100%,52,Calais,23
ME,73,40,,100%,60,Carmel,16
ME,72,36,,100%,51,Greenville,26
ME,58,24,,100%,69,Machias,31
ME,66,13,,100%,88,Brownfield,24
ME,77,27,,100%,60,Stonington,20
ME,80,38,,100%,44,Bradley,14
ME,72,58,,100%,37,East Millinocket,14
ME,76,29,,100%,50,Fayette,29
ME,80,22,,100%,61,Cornish,16
ME,70,16,,100%,70,Denmark,25
ME,68,34,,100%,50,Windsor,17
ME,60,24,,100%,64,Islesboro,27
ME,72,29,,100%,50,Milo,17
ME,54,13,,100%,82,Montville,31
ME,58,20,,100%,63,Swanville,26
ME,65,11,,100%,63,Lovell,26
ME,69,15,,100%,58,Newfield,16
ME,41,21,,100%,60,Franklin,36
ME,67,23,,100%,48,Canaan,18
ME,37,20,,100%,65,Hiram,29
ME,59,18,,100%,55,Sullivan,27
ME,52,17,,100%,67,New Sharon,20
ME,67,16,,100%,38,Carrabassett Valley,12
ME,48,21,,100%,55,Westport,26
ME,69,13,,100%,30,Arrowsic,43
ME,54,22,,100%,57,West Paris,16
ME,61,29,,100%,38,Levant,20
ME,45,16,,100%,53,Liberty,30
ME,45,19,,100%,55,Albion,15
ME,55,24,,100%,49,Dixfield,11
ME,54,15,,100%,57,Chesterville,14
ME,70,17,,100%,45,Anson,8
ME,41,14,,100%,61,Porter,20
ME,50,24,,100%,47,Friendship,19
ME,59,31,,100%,34,Howland,13
ME,47,15,,100%,53,Kingfield,16
ME,50,16,,100%,59,Woodstock,16
ME,55,27,,100%,40,Newburgh,15
ME,54,20,,100%,46,Peru,12
ME,43,19,,100%,60,Steuben,14
ME,53,25,,100%,35,Rome,18
ME,48,15,,100%,48,Chebeague Island,22
ME,34,12,,100%,64,North Haven,23
ME,58,26,,100%,26,Southport,17
ME,43,33,,100%,38,Palmyra,14
ME,66,32,,100%,26,Frenchville,6
ME,49,18,,100%,47,Cornville,11
ME,42,17,,100%,45,Palermo,20
ME,78,20,,100%,25,Saint Agatha,4
ME,38,23,,100%,41,St. Albans,20
ME,47,18,,100%,41,Buckfield,16
ME,34,14,,100%,57,Baldwin,15
ME,43,19,,100%,39,Milbridge,19
ME,39,9,,100%,47,East Machias,24
ME,63,16,,100%,31,Enfield,11
ME,44,10,,100%,46,Hebron,11
ME,39,8,,100%,54,Morrill,16
ME,42,13,,100%,46,Strong,15
ME,60,22,,100%,22,Corinna,8
ME,35,19,,100%,49,Dixmont,12
ME,37,20,,100%,36,Corinth,19
ME,42,19,,100%,39,Hartland,10
ME,41,21,,100%,43,Limestone,11
ME,29,4,,100%,61,Brooks,16
ME,30,16,,100%,61,Penobscot Nation Vot Dst,7
ME,20,16,,100%,57,Freedom,15
ME,46,15,,100%,38,Phillips,11
ME,58,16,,100%,31,Easton,3
ME,47,13,,100%,30,Greenwood,16
ME,45,15,,100%,38,Mapleton,7
ME,36,21,,100%,43,Sangerville,7
ME,42,17,,100%,34,Wales,13
ME,46,13,,100%,41,Brownville,3
ME,48,15,,100%,32,Smithfield,10
ME,39,7,,100%,47,Belmont,12
ME,48,16,,100%,25,Addison,13
ME,41,30,,100%,13,Medway,9
ME,36,10,,100%,42,Sumner,14
ME,32,16,,100%,36,Industry,15
ME,33,13,,100%,39,Vienna,12
ME,43,7,,100%,32,Burnham,12
ME,29,17,,100%,35,Etna,18
ME,30,5,,100%,52,Troy,8
ME,29,15,,100%,43,Solon,10
ME,19,15,,100%,45,Thorndike,20
ME,53,14,,100%,26,Washburn,4
ME,49,15,,100%,14,Eagle Lake,9
ME,37,16,,100%,32,Hartford,5
ME,34,10,,100%,26,Rangeley,13
ME,29,13,,100%,27,Mercer,15
ME,48,13,,100%,19,Baileyville,7
ME,28,11,,100%,40,Frankfort,5
ME,25,11,,100%,24,Whiting,18
ME,30,19,,100%,20,Perry,13
ME,47,13,,100%,21,Woodland,4
ME,45,12,,100%,17,Jonesport,4
ME,33,13,,100%,20,New Portland,13
ME,47,9,,100%,14,Ashland,5
ME,17,8,,100%,40,Jackson,16
ME,22,19,,100%,27,Athens,2
ME,28,13,,100%,27,Eustis,3
ME,33,11,,100%,19,Harrington,10
ME,36,12,,100%,12,Newry,15
ME,27,13,,100%,26,Andover,7
ME,36,13,,100%,22,Bradford,4
ME,33,6,,100%,28,Weld,2
ME,33,13,,100%,15,Mars Hill,4
ME,18,13,,100%,25,Long Island,14
ME,33,9,,100%,20,Monson,9
ME,22,10,,100%,26,Clifton,11
ME,30,11,,100%,25,Plymouth,3
ME,24,9,,100%,27,Prospect,9
ME,35,14,,100%,14,Wallagrass,6
ME,27,13,,100%,15,Winter Harbor,13
ME,26,6,,100%,24,Charleston,8
ME,27,9,,100%,23,Canton,6
ME,20,14,,100%,19,Exeter,10
ME,24,13,,100%,27,Pleasant Point Votng Dst,3
ME,18,11,,100%,26,Somerville,12
ME,25,10,,100%,21,Bingham,7
ME,24,11,,100%,24,Detroit,3
ME,24,3,,100%,35,Garland,3
ME,29,16,,100%,16,Jackman,4
ME,24,6,,100%,27,Knox,8
ME,20,10,,100%,25,New Vineyard,7
ME,34,11,,100%,13,Hodgdon,7
ME,18,10,,100%,32,Indian Township Vtng Dst,5
ME,24,14,,100%,14,Stetson,7
ME,31,16,,100%,10,Grand Isle,1
ME,21,7,,100%,24,Greenbush,5
ME,27,8,,100%,18,New Canada,3
ME,28,10,,100%,17,Sweden,4
ME,20,14,,100%,16,Embden,5
ME,29,6,,100%,23,New Sweden,1
ME,22,7,,100%,24,Stow,6
ME,24,9,,100%,20,Lee,3
ME,30,8,,100%,17,Littleton,2
ME,31,13,,100%,10,Sherman,0
ME,14,3,,100%,22,Cranberry Isles,11
ME,22,9,,100%,14,Jonesboro,7
ME,25,6,,100%,11,Otis,12
ME,18,9,,100%,15,Patten,9
ME,22,9,,100%,10,Roque Bluffs,4
ME,20,8,,100%,17,Sorrento,7
ME,17,9,,100%,21,Mariaville,4
ME,26,6,,100%,12,St. Francis,4
ME,21,8,,100%,14,Harmony,5
ME,21,9,,100%,15,Mattawamkeag,3
ME,27,10,,100%,8,Princeton,2
ME,20,3,,100%,19,Temple,5
ME,19,11,,100%,11,Abbot,5
ME,17,3,,100%,23,Sebec,4
ME,22,11,,100%,12,St. John Plt.,1
ME,17,8,,100%,15,Stoneham,6
ME,20,6,,100%,16,Swan's Island,2
ME,13,9,,100%,13,Roxbury,3
ME,17,5,,100%,15,Oakfield,3
ME,16,6,,100%,13,Alexander,4
ME,15,7,,100%,7,Carthage,6
ME,18,6,,100%,11,Columbia Falls,2
ME,16,4,,100%,14,Ludlow,3
ME,18,6,,100%,10,Marshfield,2
ME,18,7,,100%,4,Chapman,5
ME,17,4,,100%,12,LaGrange,1
ME,14,10,,100%,8,Moscow,3
ME,12,4,,100%,15,Amherst,3
ME,14,3,,100%,10,Oxford,7
ME,13,4,,100%,12,Sandy River Plt.,5
ME,14,5,,100%,15,Westfield,1
ME,12,8,,100%,12,Blaine,1
ME,14,8,,100%,11,Castle Hill,0
ME,14,5,,100%,6,Linneus,5
ME,13,7,,100%,4,Stockholm,3
ME,7,3,,100%,18,Bridgewater,3
ME,15,7,,100%,9,Ripley,1
ME,11,4,,100%,10,Gilead,5
ME,17,5,,100%,5,New Limerick,3
ME,11,3,,100%,10,Burlington,3
ME,11,5,,100%,3,Chester,4
ME,10,3,,100%,8,Monticello,6
ME,7,6,,100%,9,Coplin Plt.,2
ME,7,4,,100%,8,Danforth,3
ME,5,6,,100%,6,Shirley,1
ME,10,2,,100%,9,Caswell,1
ME,10,4,,100%,0,Eastbrook,8
ME,5,10,,100%,7,Lowell,0
ME,10,3,,100%,5,Masardis,2
ME,10,3,,100%,5,Oxbow Plt.,2
ME,8,3,,100%,10,Perham,1
ME,12,0,,100%,5,Weston,3
ME,6,1,,100%,10,Columbia,2
ME,7,3,,100%,7,Winn,1
ME,9,1,,100%,6,Byron,0
ME,7,2,,100%,6,Cambridge,3
ME,8,9,,100%,0,Lake View Plt.,0
ME,4,4,,100%,4,Northfield,6
ME,8,9,,100%,0,Piscataquis Cty Townshps,0
ME,7,4,,100%,4,Winterville Plt.,0
ME,9,3,,100%,3,Hamlin,1
ME,5,3,,100%,5,Matinicus Isle Plt.,2
ME,8,1,,100%,4,Waltham,1
ME,8,3,,100%,3,Grand Lake Stream Plt,1
ME,4,5,,100%,2,Medford,2
ME,5,0,,100%,5,Mount Chase,3
ME,2,4,,100%,4,Stacyville,0
ME,5,4,,100%,3,Vanceboro,0
ME,7,0,,100%,3,Seboeis Plt.,1
ME,4,1,,100%,5,Crystal,1
ME,6,1,,100%,2,Smyrna,0
ME,6,2,,100%,1,Dyer Brook,1
ME,5,0,,100%,1,Merrill,3
ME,4,2,,100%,3,Topsfield,1
ME,2,3,,100%,5,Wesley,0
ME,3,0,,100%,1,Orient,0
ME,1,0,,100%,6,Hammond,0
ME,5,0,,100%,1,West Forks Plt.,1
ME,2,4,,100%,0,Deblois,0
ME,2,2,,100%,2,Haynesville,0
ME,2,0,,100%,2,Waite,1
ME,2,0,,100%,3,Beddington,0
ME,1,1,,100%,1,Garfield Plt.,1
ME,4,0,,100%,0,Great Pond,1
ME,3,2,,100%,0,Pleasant Ridge Plt.,0
ME,4,0,,100%,1,Reed Plt.,0
ME,3,1,,100%,0,Upton,0
ME,4,0,,100%,0,Lincoln Plt.,0
ME,3,0,,100%,1,Westmanland,0
ME,1,0,,100%,2,Moose River,0
ME,1,0,,100%,0,Hersey,0
ME,0,0,,0%,0,Allagash,0
ME,0,0,,0%,0,Alna,0
ME,0,0,,0%,0,Alton,0
ME,0,0,,0%,0,Amity,0
ME,0,0,,0%,0,Aroostook Cty Townships,0
ME,0,0,,0%,0,Atkinson,0
ME,0,0,,0%,0,Aurora,0
ME,0,0,,0%,0,Avon,0
ME,0,0,,0%,0,Baring Plt.,0
ME,0,0,,0%,0,Beals,0
ME,0,0,,0%,0,Beaver Cove,0
ME,0,0,,0%,0,Bowerbank,0
ME,0,0,,0%,0,Brighton Plt.,0
ME,0,0,,0%,0,Caratunk,0
ME,0,0,,0%,0,Carroll Plt.,0
ME,0,0,,0%,0,Cary Plt.,0
ME,0,0,,0%,0,Charlotte,0
ME,0,0,,0%,0,Cherryfield,0
ME,0,0,,0%,0,Clinton,0
ME,0,0,,0%,0,Cooper,0
ME,0,0,,0%,0,Crawford,0
ME,0,0,,0%,0,Cutler,0
ME,0,0,,0%,0,Cyr Plt.,0
ME,0,0,,0%,0,Dallas Plt.,0
ME,0,0,,0%,0,Dennistown Plt.,0
ME,0,0,,0%,0,Dennysville,0
ME,0,0,,0%,0,Drew Plt.,0
ME,0,0,,0%,0,Eddington,0
ME,0,0,,0%,0,Edinburg,0
ME,0,0,,0%,0,Franklin Cty Townships,0
ME,0,0,,0%,0,Frenchboro,0
ME,0,0,,0%,0,Frye Island,0
ME,0,0,,0%,0,Glenwood Plt.,0
ME,0,0,,0%,0,Guilford,0
ME,0,0,,0%,0,Hancock Cty Townships,0
ME,0,0,,0%,0,Hanover,0
ME,0,0,,0%,0,Highland Plt.,0
ME,0,0,,0%,0,Hudson,0
ME,0,0,,0%,0,Island Falls,0
ME,0,0,,0%,0,Isle Au Haut,0
ME,0,0,,0%,0,Kenduskeag,0
ME,0,0,,0%,0,Kingsbury Plt.,0
ME,0,0,,0%,0,Lakeville,0
ME,0,0,,0%,0,Machiasport,0
ME,0,0,,0%,0,Macwahoc Plt.,0
ME,0,0,,0%,0,Magalloway Plt.,0
ME,0,0,,0%,0,Maxfield,0
ME,0,0,,0%,0,Meddybemps,0
ME,0,0,,0%,0,Monhegan Plt.,0
ME,0,0,,0%,0,Monroe,0
ME,0,0,,0%,0,Moro Plt.,0
ME,0,0,,0%,0,Nashville Plt.,0
ME,0,0,,0%,0,Orrington,0
ME,0,0,,0%,0,Osborn,0
ME,0,0,,0%,0,Oxford Cty Townships,0
ME,0,0,,0%,0,Parkman,0
ME,0,0,,0%,0,Passadumkeag,0
ME,0,0,,0%,0,Pembroke,0
ME,0,0,,0%,0,Penobscot,0
ME,0,0,,0%,0,Penobscot Cty Townships,0
ME,0,0,,0%,0,Portage Lake,0
ME,0,0,,0%,0,Rangeley Plt.,0
ME,0,0,,0%,0,Robbinston,0
ME,0,0,,0%,0,Somerset Cty Townships,0
ME,0,0,,0%,0,Springfield,0
ME,0,0,,0%,0,Starks,0
ME,0,0,,0%,0,Talmadge,0
ME,0,0,,0%,0,The Forks Plt.,0
ME,0,0,,0%,0,Thomaston,0
ME,0,0,,0%,0,Verona,0
ME,0,0,,0%,0,Wade,0
ME,0,0,,0%,0,Washington Cty Townships,0
ME,0,0,,0%,0,Webster Plt.,0
ME,0,0,,0%,0,Wellington,0
ME,0,0,,0%,0,Whitneyville,0
ME,0,0,,0%,0,Willimantic,0
ME,0,0,,0%,0,Woodville,0
MN,92107,19072,Hennepin,100%,88560,,51339
MN,34706,6928,Ramsey,99%,34498,,21971
MN,24782,5128,Dakota,100%,15504,,7472
MN,15176,3303,Anoka,100%,11280,,4156
MN,16269,3297,Washington,100%,8827,,4251
MN,14008,3412,St. Louis,100%,10147,,3740
MN,8524,1382,Olmsted,100%,5462,,2748
MN,5821,1204,Scott,100%,3544,,1493
MN,4205,998,Stearns,100%,3355,,1271
MN,5165,1044,Carver,100%,2417,,1386
MN,4294,933,Wright,100%,2053,,880
MN,3212,571,Rice,100%,2853,,1484
MN,2417,553,Blue Earth,100%,2766,,826
MN,2794,625,Sherburne,100%,1641,,583
MN,2279,360,Clay,100%,1772,,765
MN,2221,523,Winona,100%,1916,,773
MN,1988,667,Itasca,97%,1001,,340
MN,2325,576,Crow Wing,97%,1139,,438
MN,2057,516,Carlton,100%,1134,,329
MN,2178,509,Goodhue,100%,960,,492
MN,1450,362,Beltrami,100%,1720,,407
MN,1554,387,Nicollet,100%,1331,,638
MN,2030,474,Chisago,100%,973,,436
MN,2166,388,Otter Tail,100%,801,,404
MN,1499,370,Mower,100%,781,,200
MN,1496,371,Kandiyohi,100%,589,,236
MN,1445,340,Douglas,100%,468,,245
MN,1315,255,Freeborn,100%,656,,143
MN,1142,310,Steele,100%,671,,257
MN,903,371,Cass,100%,615,,165
MN,1217,292,Isanti,100%,595,,195
MN,982,221,Benton,100%,817,,244
MN,1120,187,Becker,100%,440,,188
MN,908,277,Pine,100%,468,,178
MN,706,296,Brown,100%,409,,171
MN,796,171,Polk,100%,400,,144
MN,964,189,Houston,100%,506,,196
MN,735,255,Le Sueur,96%,345,,142
MN,864,237,McLeod,100%,482,,156
MN,812,211,Lake,100%,459,,184
MN,788,209,Hubbard,100%,421,,149
MN,789,163,Fillmore,100%,347,,169
MN,841,207,Wabasha,100%,350,,146
MN,706,204,Morrison,100%,318,,109
MN,616,162,Lyon,100%,388,,150
MN,333,119,Cook,100%,376,,271
MN,510,228,Aitkin,100%,260,,84
MN,653,196,Mille Lacs,100%,413,,110
MN,685,109,Dodge,52%,301,,128
MN,537,164,Meeker,100%,221,,90
MN,535,201,Koochiching,100%,212,,67
MN,616,115,Waseca,100%,282,,106
MN,605,116,Todd,100%,239,,92
MN,227,69,Stevens,100%,370,,151
MN,513,106,Kanabec,100%,228,,82
MN,344,107,Nobles,100%,253,,51
MN,450,104,Martin,100%,177,,95
MN,430,109,Pope,100%,130,,47
MN,399,129,Faribault,100%,148,,60
MN,319,86,Chippewa,100%,149,,57
MN,302,113,Swift,100%,117,,47
MN,328,119,Sibley,100%,135,,59
MN,251,114,Watonwan,100%,141,,58
MN,364,47,Pennington,100%,193,,47
MN,370,104,Renville,100%,156,,52
MN,270,80,Roseau,100%,105,,47
MN,328,60,Wadena,96%,169,,51
MN,344,55,Redwood,100%,163,,55
MN,221,71,Lac Qui Parle,100%,75,,29
MN,282,74,Jackson,100%,107,,36
MN,115,89,Grant,100%,80,,28
MN,166,69,Marshall,100%,74,,24
MN,183,59,Norman,100%,102,,42
MN,270,58,Murray,100%,89,,31
MN,223,42,Rock,100%,102,,40
MN,266,51,Yellow Medicine,100%,111,,32
MN,275,73,Cottonwood,100%,107,,52
MN,158,39,Kittson,100%,50,,28
MN,255,33,Clearwater,100%,129,,22
MN,207,55,Pipestone,100%,82,,26
MN,123,58,Big Stone,100%,56,,29
MN,105,53,Mahnomen,100%,124,,11
MN,130,45,Wilkin,100%,55,,21
MN,99,36,Lake of the Woods,100%,42,,9
MN,209,24,Lincoln,100%,47,,15
MN,110,31,Traverse,100%,38,,8
MN,70,15,Red Lake,100%,35,,16
NC,78225,23361,Wake,100%,49980,,27511
NC,72323,22227,Mecklenburg,100%,39269,,16426
NC,37288,10246,Guilford,100%,21196,,7419
NC,29324,7439,Durham,100%,21759,,16408
NC,15433,4901,Buncombe,100%,23227,,10582
NC,23689,7739,Forsyth,100%,14114,,5236
NC,12956,4537,Orange,100%,12602,,10199
NC,19482,4801,Cumberland,100%,7334,,1905
NC,12220,5128,New Hanover,100%,9002,,3492
NC,10211,2619,Pitt,100%,5000,,1537
NC,10585,2335,Cabarrus,100%,5285,,1656
NC,9053,3056,Union,100%,4534,,1748
NC,8031,2438,Johnston,100%,4314,,1484
NC,7654,2296,Alamance,100%,4346,,1630
NC,7745,3538,Brunswick,100%,2572,,1076
NC,6408,2788,Chatham,100%,3382,,2375
NC,7874,2146,Gaston,100%,3992,,1190
NC,6210,2496,Iredell,100%,3383,,1164
NC,5678,1581,Henderson,100%,3709,,1633
NC,6361,1376,Robeson,100%,2366,,534
NC,6506,1998,Nash,100%,2116,,474
NC,5752,1668,Wayne,100%,2329,,490
NC,4596,1731,Catawba,100%,2745,,863
NC,5085,1887,Craven,100%,1737,,562
NC,4776,1501,Rowan,100%,2379,,655
NC,4860,1824,Moore,100%,1595,,777
NC,4367,1482,Davidson,100%,2194,,559
NC,5052,1545,Wilson,100%,1927,,409
NC,2236,704,Watauga,100%,4516,,1303
NC,4918,1165,Onslow,100%,1982,,599
NC,4281,1149,Harnett,100%,1895,,536
NC,3444,846,Haywood,100%,1940,,767
NC,3728,1217,Franklin,100%,1578,,496
NC,4185,1247,Cleveland,100%,1392,,420
NC,4830,882,Halifax,100%,1127,,255
NC,3545,1547,Rockingham,100%,1491,,353
NC,3457,1056,Granville,100%,1578,,470
NC,3973,1193,Edgecombe,100%,1035,,250
NC,3007,1033,Burke,100%,1483,,473
NC,2948,1231,Carteret,100%,1237,,497
NC,2778,1077,Randolph,100%,1721,,496
NC,3528,1024,Lenoir,100%,1200,,225
NC,2883,1037,Lincoln,100%,1231,,371
NC,1846,472,Jackson,100%,1844,,676
NC,3340,764,Vance,100%,793,,217
NC,2510,955,Lee,100%,1228,,329
NC,2495,859,Pender,100%,1177,,391
NC,2167,779,Dare,100%,1267,,507
NC,2752,876,Beaufort,100%,770,,267
NC,1879,549,Transylvania,100%,1276,,685
NC,2795,647,Hoke,100%,1111,,214
NC,2829,817,Sampson,100%,861,,213
NC,2639,691,Richmond,100%,692,,174
NC,2555,522,Columbus,100%,826,,196
NC,1941,822,Surry,100%,1003,,302
NC,2145,400,Rutherford,100%,1137,,273
NC,2320,654,Person,100%,773,,291
NC,2650,504,Northampton,100%,494,,126
NC,2477,685,Duplin,100%,672,,133
NC,1849,680,Caldwell,100%,1036,,297
NC,2393,626,Pasquotank,100%,649,,182
NC,2488,511,Bladen,100%,578,,136
NC,1780,632,Wilkes,100%,868,,246
NC,2373,534,Hertford,100%,432,,102
NC,1062,312,Madison,100%,1277,,478
NC,2206,479,Warren,100%,546,,132
NC,2068,325,Scotland,100%,525,,153
NC,1757,532,Stanly,100%,719,,220
NC,1437,454,Macon,100%,735,,300
NC,2127,399,Martin,100%,437,,130
NC,1316,306,McDowell,100%,870,,280
NC,2070,364,Anson,100%,427,,87
NC,1794,459,Bertie,100%,508,,74
NC,1266,550,Davie,100%,697,,236
NC,1469,476,Caswell,100%,566,,142
NC,1211,533,Stokes,100%,671,,174
NC,1310,373,Montgomery,100%,412,,119
NC,1063,297,Polk,100%,519,,281
NC,842,206,Yancey,100%,699,,314
NC,964,373,Ashe,100%,528,,229
NC,931,430,Alexander,100%,431,,134
NC,1093,314,Greene,100%,417,,82
NC,952,274,Currituck,100%,419,,170
NC,1078,268,Washington,100%,291,,56
NC,823,246,Cherokee,100%,441,,139
NC,779,300,Yadkin,100%,451,,118
NC,933,272,Pamlico,100%,212,,81
NC,552,160,Swain,100%,468,,111
NC,827,273,Chowan,100%,180,,78
NC,748,224,Gates,100%,219,,71
NC,815,181,Jones,100%,180,,27
NC,591,259,Perquimans,100%,174,,58
NC,357,241,Alleghany,100%,207,,52
NC,450,126,Avery,100%,263,,82
NC,415,130,Clay,100%,200,,92
NC,266,72,Mitchell,100%,322,,124
NC,379,86,Hyde,100%,127,,83
NC,403,125,Camden,100%,116,,53
NC,247,69,Graham,100%,97,,33
NC,217,97,Tyrrell,100%,88,,21
OK,31381,8442,Oklahoma,100%,21113,,11420
OK,21070,8064,Tulsa,99%,17195,,8062
OK,9993,2868,Cleveland,100%,9604,,5215
OK,3459,1120,Canadian,100%,2487,,1320
OK,2996,843,Comanche,100%,1598,,551
OK,2240,743,Payne,100%,1786,,1215
OK,2168,1069,Rogers,100%,1361,,739
OK,2461,1126,Muskogee,100%,1104,,540
OK,1997,895,Wagoner,100%,1161,,524
OK,1885,786,Pottawatomie,77%,1021,,607
OK,1737,890,Creek,100%,981,,499
OK,1469,657,Cherokee,100%,1188,,446
OK,1817,704,Osage,100%,821,,409
OK,1341,596,Pittsburg,100%,699,,355
OK,1385,519,Washington,100%,711,,415
OK,1229,474,Grady,100%,625,,423
OK,1155,590,Mayes,100%,576,,338
OK,1168,433,LeFlore,100%,559,,260
OK,1254,648,Okmulgee,92%,506,,233
OK,1215,505,Garfield,100%,638,,385
OK,1230,389,Logan,100%,644,,405
OK,1113,381,Pontotoc,100%,734,,301
OK,1161,499,Carter,100%,506,,241
OK,1048,404,McClain,100%,533,,366
OK,1023,455,Sequoyah,100%,431,,211
OK,1071,392,Kay,100%,504,,321
OK,1110,492,Delaware,100%,377,,209
OK,901,389,Bryan,100%,554,,233
OK,977,353,Stephens,100%,430,,256
OK,842,378,Lincoln,100%,401,,263
OK,777,367,Caddo,100%,434,,202
OK,944,276,Ottawa,100%,411,,180
OK,696,357,McIntosh,100%,308,,176
OK,635,292,Garvin,100%,289,,198
OK,685,275,Seminole,100%,310,,183
OK,657,192,McCurtain,100%,281,,141
OK,571,236,Custer,100%,392,,207
OK,458,202,Craig,100%,208,,131
OK,419,222,Pawnee,100%,240,,130
OK,439,173,Murray,100%,181,,102
OK,422,181,Adair,100%,233,,99
OK,361,200,Hughes,100%,159,,122
OK,315,144,Beckham,100%,163,,115
OK,354,157,Haskell,100%,133,,65
OK,332,184,Marshall,100%,141,,85
OK,305,142,Latimer,100%,133,,84
OK,323,129,Choctaw,100%,148,,82
OK,395,106,Jackson,100%,176,,71
OK,271,148,Atoka,100%,117,,70
OK,253,145,Pushmataha,100%,119,,87
OK,277,140,Okfuskee,100%,120,,93
OK,269,115,Woodward,100%,164,,110
OK,246,136,Noble,100%,131,,105
OK,265,124,Johnston,100%,113,,70
OK,213,110,Washita,100%,120,,85
OK,218,137,Nowata,100%,104,,93
OK,206,121,Kingfisher,100%,129,,86
OK,209,103,Love,100%,112,,58
OK,222,116,Blaine,100%,98,,63
OK,247,118,Kiowa,100%,73,,64
OK,145,53,Texas,100%,89,,55
OK,142,77,Woods,100%,72,,66
OK,179,71,Tillman,67%,55,,30
OK,137,67,Coal,100%,72,,37
OK,147,64,Jefferson,100%,45,,44
OK,129,52,Greer,100%,72,,47
OK,128,75,Cotton,100%,49,,38
OK,89,50,Dewey,100%,32,,41
OK,94,45,Major,100%,35,,28
OK,77,31,Roger Mills,100%,36,,35
OK,98,34,Grant,100%,37,,28
OK,73,46,Alfalfa,100%,31,,24
OK,55,31,Ellis,100%,23,,34
OK,60,29,Harmon,100%,25,,12
OK,57,25,Harper,100%,20,,21
OK,42,25,Beaver,100%,13,,12
OK,20,16,Cimarron,100%,8,,5
TN,50273,18183,Shelby,100%,20482,,8461
TN,32798,12138,Davidson,100%,25546,,14727
TN,14877,6509,Knox,100%,14716,,6239
TN,16286,5554,Hamilton,100%,9423,,3636
TN,10433,3930,Williamson,100%,4670,,2880
TN,9102,2832,Rutherford,100%,7800,,2515
TN,5350,1711,Montgomery,100%,3402,,1024
TN,4996,1708,Sumner,100%,2874,,1201
TN,3403,1582,Wilson,100%,1882,,907
TN,2828,1039,Washington,100%,3094,,934
TN,3168,1295,Blount,100%,2238,,865
TN,3146,1014,Sullivan,100%,2251,,660
TN,4061,1003,Madison,100%,1121,,416
TN,2221,886,Anderson,100%,1699,,702
TN,2363,763,Maury,100%,1343,,433
TN,1762,706,Bradley,100%,1239,,360
TN,1359,631,Putnam,100%,1509,,422
TN,1536,588,Sevier,100%,1148,,309
TN,1621,652,Robertson,100%,859,,298
TN,1288,746,Loudon,100%,637,,244
TN,1423,643,Cumberland,100%,614,,258
TN,1297,557,Roane,100%,743,,244
TN,1195,462,Dickson,100%,703,,262
TN,1124,473,Coffee,100%,671,,196
TN,1225,435,Franklin,100%,587,,326
TN,1534,482,Fayette,100%,427,,119
TN,1116,372,Greene,100%,697,,241
TN,880,494,Cheatham,100%,759,,304
TN,1027,441,Marion,100%,419,,158
TN,1144,460,Tipton,100%,517,,174
TN,994,345,Hamblen,100%,676,,144
TN,823,344,Carter,100%,766,,219
TN,1272,292,Gibson,100%,356,,82
TN,952,360,McMinn,100%,453,,159
TN,817,412,Warren,100%,506,,157
TN,862,352,Jefferson,100%,545,,186
TN,863,386,Monroe,100%,403,,104
TN,865,281,Hawkins,100%,481,,104
TN,798,284,Bedford,100%,446,,130
TN,1103,342,Hardeman,100%,202,,44
TN,768,361,Henry,100%,329,,111
TN,803,272,Lawrence,100%,379,,89
TN,672,255,Marshall,100%,379,,122
TN,848,363,Haywood,100%,152,,42
TN,729,250,Giles,100%,287,,77
TN,624,192,Weakley,100%,323,,138
TN,648,227,Lincoln,100%,287,,112
TN,727,245,Lauderdale,100%,223,,36
TN,647,259,Dyer,100%,231,,65
TN,512,248,Overton,100%,281,,61
TN,541,210,Rhea,100%,266,,72
TN,445,209,Cocke,100%,324,,74
TN,481,205,White,100%,274,,67
TN,525,205,Campbell,100%,255,,83
TN,391,291,Smith,100%,239,,73
TN,580,145,Obion,100%,202,,54
TN,455,220,Humphreys,100%,239,,56
TN,467,176,Polk,100%,222,,47
TN,548,162,Carroll,100%,220,,49
TN,444,166,Claiborne,100%,272,,67
TN,417,170,Hickman,100%,257,,84
TN,447,165,DeKalb,100%,203,,74
TN,573,139,McNairy,100%,153,,34
TN,520,107,Hardin,100%,153,,45
TN,402,129,Benton,100%,160,,41
TN,265,117,Unicoi,100%,283,,56
TN,395,79,Henderson,100%,157,,27
TN,281,105,Cannon,100%,182,,55
TN,279,133,Stewart,100%,148,,43
TN,270,131,Sequatchie,100%,161,,50
TN,268,117,Grainger,100%,156,,48
TN,236,124,Morgan,100%,165,,56
TN,265,126,Grundy,100%,116,,55
TN,288,103,Union,100%,159,,25
TN,224,89,Johnson,100%,177,,46
TN,296,64,Chester,100%,139,,53
TN,311,85,Bledsoe,100%,102,,27
TN,348,74,Crockett,100%,83,,17
TN,209,128,Macon,100%,161,,26
TN,226,105,Fentress,100%,130,,50
TN,258,101,Meigs,100%,101,,25
TN,234,76,Jackson,100%,139,,33
TN,169,83,Lewis,100%,192,,43
TN,231,91,Decatur,100%,89,,19
TN,182,111,Trousdale,100%,81,,21
TN,192,61,Scott,100%,108,,25
TN,197,60,Houston,100%,82,,28
TN,149,65,Clay,100%,77,,16
TN,155,62,Wayne,100%,58,,22
TN,132,69,Van Buren,100%,58,,24
TN,135,55,Perry,100%,75,,16
TN,138,60,Moore,100%,51,,24
TN,132,66,Pickett,100%,48,,12
TN,133,39,Lake,100%,51,,8
TN,68,27,Hancock,100%,38,,3
TX,121211,47200,Harris,100%,91900,,35761
TX,93426,31419,Dallas,100%,62611,,22913
TX,52731,18595,Travis,100%,83803,,49734
TX,48923,26031,Bexar,100%,56763,,21046
TX,58320,18769,Tarrant,100%,47059,,14929
TX,29960,11229,Collin,100%,25548,,9585
TX,29189,10459,Fort Bend,100%,18285,,6060
TX,19237,13994,El Paso,100%,24738,,4165
TX,21936,8126,Denton,100%,22238,,8343
TX,18097,6811,Williamson,100%,19272,,10285
TX,15744,15682,Hidalgo,100%,16560,,3840
TX,7508,6355,Cameron,100%,10470,,1947
TX,5372,5903,Webb,100%,9446,,1486
TX,9932,3734,Montgomery,100%,6458,,2830
TX,7028,2119,Hays,100%,9772,,3852
TX,8559,4250,Nueces,100%,5655,,1989
TX,9120,2911,Galveston,100%,5418,,2425
TX,8839,3119,Brazoria,100%,5840,,2159
TX,9768,3777,Jefferson,100%,3974,,1077
TX,7793,2434,Bell,100%,4774,,1693
TX,4457,1796,Lubbock,100%,4566,,1769
TX,4090,998,Brazos,100%,4740,,1976
TX,5359,1677,McLennan,100%,3079,,1652
TX,5338,1818,Smith,100%,2615,,813
TX,3799,1397,Guadalupe,<1%,2833,,1085
TX,3620,1393,Comal,100%,2411,,1296
TX,4456,1393,Ellis,100%,2382,,745
TX,1150,1419,Maverick,100%,2704,,425
TX,1048,1257,Starr,100%,3159,,326
TX,2365,1000,Bastrop,100%,2274,,998
TX,2317,934,Johnson,100%,1775,,574
TX,2365,1015,Grayson,100%,1542,,510
TX,2393,785,Rockwall,100%,1501,,618
TX,2341,814,Kaufman,100%,1482,,431
TX,2856,785,Gregg,100%,1089,,343
TX,2045,801,Parker,100%,1344,,540
TX,1925,377,Taylor,100%,1380,,599
TX,1026,1351,Zavala,100%,1329,,136
TX,1581,623,Randall,100%,1407,,575
TX,1617,1018,Jim Wells,100%,1043,,267
TX,1689,600,Wichita,100%,1289,,434
TX,1747,555,Tom Green,100%,1292,,414
TX,1810,645,San Patricio,100%,1071,,329
TX,1759,458,Victoria,100%,970,,357
TX,660,907,Dimmit,100%,1159,,145
TX,1495,594,Midland,100%,991,,421
TX,2066,487,Bowie,100%,700,,215
TX,1226,738,Hood,100%,711,,314
TX,1206,517,Potter,100%,1052,,305
TX,1172,570,Ector,100%,1017,,344
TX,1365,403,Nacogdoches,100%,982,,403
TX,1657,608,Harrison,100%,615,,202
TX,1281,467,Hunt,100%,1015,,266
TX,1632,465,Angelina,100%,648,,213
TX,826,672,Val Verde,100%,850,,237
TX,822,677,Zapata,100%,813,,134
TX,1378,529,Henderson,100%,589,,221
TX,680,680,Willacy,100%,900,,131
TX,978,431,Caldwell,100%,955,,320
TX,1049,452,Kerr,100%,627,,349
TX,800,585,Atascosa,100%,736,,207
TX,1159,346,Walker,100%,688,,269
TX,1148,487,Orange,100%,573,,184
TX,1004,341,Waller,100%,863,,194
TX,1021,429,Burnet,100%,575,,287
TX,918,432,Kendall,100%,548,,306
TX,515,540,Frio,100%,695,,153
TX,626,591,Uvalde,100%,632,,115
TX,946,451,Kleberg,100%,626,,162
TX,977,335,Coryell,100%,698,,215
TX,847,428,Wilson,100%,587,,225
TX,511,505,Duval,100%,820,,109
TX,874,300,Medina,100%,558,,229
TX,870,388,Van Zandt,100%,451,,141
TX,889,341,Navarro,100%,422,,112
TX,862,302,Lamar,100%,389,,137
TX,1016,326,Rusk,100%,282,,93
TX,641,333,Wise,100%,486,,155
TX,787,321,Liberty,100%,468,,120
TX,836,268,Cherokee,100%,297,,108
TX,670,278,Washington,100%,322,,137
TX,616,258,Gillespie,100%,300,,200
TX,559,306,Polk,100%,325,,173
TX,753,295,Anderson,100%,333,,69
TX,289,424,Brooks,100%,522,,65
TX,606,299,Wharton,100%,360,,80
TX,751,217,Wood,100%,256,,122
TX,328,345,Reeves,100%,310,,80
TX,688,222,Hardin,100%,282,,88
TX,676,217,Matagorda,100%,295,,89
TX,705,180,Upshur,100%,254,,70
TX,343,156,Brewster,100%,410,,245
TX,524,243,Llano,100%,243,,120
TX,667,262,Jasper,100%,217,,61
TX,556,248,Hill,100%,284,,88
TX,500,183,Chambers,100%,337,,95
TX,288,299,Jim Hogg,100%,343,,60
TX,529,235,Fayette,100%,228,,117
TX,262,248,La Salle,100%,291,,91
TX,498,230,Cooke,100%,308,,94
TX,562,203,Hopkins,100%,269,,93
TX,502,176,Aransas,100%,222,,128
TX,620,150,Cass,100%,202,,48
TX,443,170,Bandera,100%,281,,123
TX,375,154,Erath,100%,325,,142
TX,503,177,Grimes,100%,246,,90
TX,490,173,Bee,100%,238,,81
TX,428,178,Milam,100%,270,,84
TX,375,142,Blanco,100%,240,,164
TX,460,205,Austin,100%,214,,54
TX,173,132,Presidio,100%,415,,103
TX,411,180,Fannin,100%,188,,79
TX,427,159,Calhoun,100%,191,,71
TX,427,142,Colorado,100%,167,,57
TX,432,165,Titus,100%,204,,46
TX,475,158,Robertson,100%,158,,41
TX,359,130,Lampasas,100%,181,,115
TX,342,170,Palo Pinto,100%,204,,59
TX,222,219,Pecos,100%,218,,60
TX,456,125,San Jacinto,100%,169,,57
TX,416,113,Houston,100%,146,,46
TX,493,117,Panola,100%,129,,48
TX,297,172,Howard,100%,166,,71
TX,412,132,Morris,100%,135,,44
TX,353,153,Limestone,100%,163,,41
TX,366,69,Brown,100%,183,,66
TX,378,149,Burleson,100%,122,,44
TX,349,156,Falls,100%,139,,43
TX,293,114,Bosque,100%,172,,69
TX,332,113,Lee,100%,152,,55
TX,329,106,Freestone,100%,167,,38
TX,350,114,Camp,100%,120,,31
TX,242,111,Hale,100%,169,,47
TX,239,135,Gonzales,100%,129,,40
TX,300,131,Tyler,100%,103,,42
TX,371,82,Marion,100%,106,,32
TX,209,126,Karnes,100%,147,,31
TX,128,137,Culberson,100%,188,,21
TX,234,96,La Vaca,100%,103,,55
TX,272,83,Red River,100%,114,,26
TX,235,89,De Witt,100%,108,,39
TX,212,77,Montague,100%,112,,33
TX,274,91,San Augustine,100%,67,,19
TX,261,72,Shelby,100%,80,,19
TX,158,127,Refugio,100%,67,,25
TX,65,58,Trinity,100%,46,,16
TX,243,69,Leon,100%,67,,23
TX,182,61,Young,100%,81,,38
TX,176,80,Rains,100%,69,,26
TX,145,84,Comanche,100%,102,,26
TX,112,111,Ward,100%,98,,24
TX,152,50,Eastland,100%,124,,28
TX,160,72,Hockley,100%,110,,30
TX,170,45,Nolan,100%,107,,34
TX,187,66,Goliad,100%,63,,26
TX,187,69,Franklin,100%,57,,22
TX,192,54,Jackson,100%,60,,23
TX,133,84,Deaf Smith,100%,85,,24
TX,118,72,Mason,100%,53,,22
TX,196,67,Newton,100%,61,,11
TX,129,75,Hutchinson,100%,89,,30
TX,92,52,Hudspeth,100%,88,,12
TX,155,43,Jones,100%,83,,29
TX,101,89,Dawson,100%,71,,19
TX,167,64,Sabine,100%,46,,21
TX,119,35,Jeff Davis,100%,80,,58
TX,164,57,Live Oak,100%,48,,18
TX,94,56,Somervell,100%,93,,36
TX,84,42,Crockett,100%,77,,26
TX,159,32,Madison,100%,76,,20
TX,117,69,Lamb,100%,75,,13
TX,119,38,Moore,100%,77,,20
TX,120,45,Wilbarger,100%,59,,18
TX,117,38,Gray,100%,79,,20
TX,133,34,Clay,100%,43,,29
TX,98,31,Scurry,100%,77,,23
TX,119,14,Callahan,100%,74,,20
TX,118,41,Hamilton,100%,42,,23
TX,75,60,Terry,100%,63,,16
TX,81,33,Andrews,100%,84,,22
TX,92,38,Archer,100%,36,,21
TX,94,50,Swisher,100%,23,,20
TX,83,33,Crosby,100%,55,,9
TX,71,31,Gaines,100%,46,,14
TX,79,35,Jack,100%,33,,11
TX,104,15,Haskell,100%,20,,12
TX,36,28,Terrell,100%,23,,11
TX,51,60,Castro,100%,32,,10
TX,76,18,Runnels,100%,28,,14
TX,70,16,Coleman,100%,36,,15
TX,81,18,Fisher,100%,29,,10
TX,69,27,McCulloch,100%,31,,15
TX,72,23,Delta,100%,33,,8
TX,4,3,Kinney,100%,3,,4
TX,69,18,Stephens,100%,24,,15
TX,49,19,San Saba,100%,24,,25
TX,47,15,Real,100%,39,,15
TX,69,21,Mitchell,100%,25,,5
TX,66,18,Carson,100%,25,,14
TX,59,19,Hardeman,100%,20,,3
TX,52,15,Childress,100%,32,,11
TX,45,21,Schleicher,100%,29,,11
TX,47,15,Bailey,100%,34,,11
TX,30,23,Kenedy,100%,22,,7
TX,48,19,Parmer,100%,31,,8
TX,53,17,Floyd,100%,22,,7
TX,41,14,Kimble,100%,27,,10
TX,30,19,Mills,100%,32,,8
TX,40,20,Garza,100%,21,,8
TX,19,23,Upton,100%,28,,13
TX,40,13,Winkler,100%,17,,12
TX,33,16,Yoakum,100%,30,,4
TX,41,20,Hall,100%,18,,0
TX,32,14,Ochiltree,100%,21,,9
TX,28,11,Sutton,100%,20,,11
TX,24,12,Crane,100%,25,,4
TX,39,14,Hemphill,100%,8,,6
TX,48,5,Knox,100%,13,,6
TX,35,14,Stonewall,100%,6,,9
TX,36,17,Lynn,100%,14,,2
TX,26,14,Coke,100%,12,,5
TX,36,12,Hartley,100%,11,,7
TX,20,9,Dallam,100%,26,,3
TX,31,13,Wheeler,100%,14,,3
TX,20,6,Lipscomb,100%,16,,12
TX,27,19,Baylor,100%,5,,6
TX,27,10,Concho,100%,19,,7
TX,22,15,Collingsworth,100%,11,,8
TX,20,8,Cottle,100%,18,,6
TX,26,7,Menard,100%,18,,7
TX,22,12,Donley,100%,14,,5
TX,15,18,Dickens,100%,8,,10
TX,27,3,Shackelford,100%,13,,2
TX,21,6,Irion,100%,16,,5
TX,16,4,Martin,100%,20,,3
TX,14,14,Kent,100%,4,,2
TX,18,5,Sherman,100%,10,,2
TX,16,8,Oldham,100%,9,,5
TX,3,4,Edwards,100%,11,,9
TX,9,5,Briscoe,100%,4,,7
TX,17,4,Cochran,100%,8,,3
TX,15,2,Foard,100%,7,,4
TX,11,4,Armstrong,100%,10,,0
TX,9,8,Reagan,100%,7,,0
TX,18,4,Throckmorton,100%,4,,0
TX,5,1,Sterling,100%,13,,2
TX,8,0,Hansford,100%,12,,0
TX,8,10,McMullen,100%,0,,0
TX,8,2,Motley,100%,2,,3
TX,3,4,Glasscock,100%,6,,0
TX,1,6,Roberts,100%,0,,1
TX,0,2,Loving,100%,4,,0
TX,2,2,Borden,100%,1,,0
TX,0,1,King,100%,1,,0
UT,17595,16849,Salt Lake,100%,39791,,17560
UT,3955,2630,Utah,<1%,7769,,3977
UT,3899,3567,Davis,100%,6557,,3080
UT,2603,2290,Weber,100%,4772,,1823
UT,2017,1729,Washington,100%,2141,,1051
UT,1546,1605,Summit,100%,1445,,960
UT,579,515,Tooele,100%,870,,323
UT,321,355,Cache,93%,880,,497
UT,455,452,Wasatch,100%,594,,260
UT,317,217,Iron,100%,443,,241
UT,208,144,Grand,100%,574,,285
UT,296,295,Box Elder,100%,355,,155
UT,347,247,Carbon,100%,246,,136
UT,143,122,Uintah,100%,186,,90
UT,131,143,San Juan,58%,312,,60
UT,86,84,Sanpete,100%,180,,78
UT,79,64,Kane,17%,135,,75
UT,82,83,Sevier,100%,82,,40
UT,80,62,Morgan,100%,80,,38
UT,72,54,Duchesne,100%,74,,43
UT,25,28,Garfield,100%,77,,55
UT,53,64,Juab,100%,51,,18
UT,54,59,Millard,100%,25,,21
UT,50,36,Emery,100%,43,,15
UT,22,27,Wayne,100%,43,,34
UT,39,43,Beaver,100%,28,,14
UT,20,7,Rich,100%,12,,4
UT,10,7,Daggett,100%,13,,4
UT,5,7,Piute,100%,5,,2
VA,121862,28191,Fairfax,100%,57085,,29633
VA,36209,8028,Loudoun,100%,18087,,7190
VA,37412,7019,Prince William,100%,18407,,5721
VA,33975,6682,Arlington,100%,13263,,14062
VA,37793,5908,Henrico,100%,14695,,6301
VA,33515,6463,Virginia Beach,100%,14610,,4468
VA,33401,4810,Chesterfield,100%,13416,,5585
VA,24355,3539,Richmond City,100%,18995,,7416
VA,20782,4243,Alexandria,100%,7586,,7628
VA,22053,2820,Chesapeake,100%,6908,,2363
VA,18856,3058,Norfolk,100%,8102,,2736
VA,12339,2752,Albemarle,100%,6315,,4737
VA,15602,2252,Newport News,100%,5279,,1638
VA,15737,1967,Hampton,100%,4338,,1297
VA,11611,2013,Stafford,100%,5087,,1724
VA,9243,1729,Spotsylvania,100%,4002,,1327
VA,9147,1986,James City,100%,2572,,1577
VA,10186,1431,Portsmouth,100%,2751,,745
VA,8323,1314,Hanover,100%,3489,,1643
VA,10023,1241,Suffolk,100%,2379,,735
VA,5560,866,Montgomery,100%,5092,,2392
VA,4417,874,Charlottesville,100%,4675,,3449
VA,6824,1161,Roanoke City,100%,3488,,1511
VA,6008,1147,Roanoke,100%,2725,,1141
VA,5637,1003,York,100%,2005,,933
VA,5141,1210,Fauquier,100%,2149,,924
VA,4414,892,Frederick,100%,2212,,805
VA,4836,773,Lynchburg,100%,1806,,785
VA,3401,445,Rockingham,100%,1924,,1022
VA,3565,718,Bedford,100%,1361,,558
VA,2090,248,Harrisonburg,100%,2590,,1386
VA,3072,517,Augusta,100%,1511,,622
VA,2674,666,Fairfax City,100%,1561,,783
VA,3879,462,Danville,100%,758,,170
VA,3929,438,Petersburg,100%,718,,190
VA,3482,481,Isle of Wight,100%,918,,287
VA,3471,416,Pittsylvania,100%,815,,187
VA,2642,543,Culpeper,100%,1203,,409
VA,2321,510,Manassas,100%,1438,,507
VA,2354,527,Falls Church,100%,881,,906
VA,2124,439,Fredericksburg,100%,1259,,641
VA,2538,476,Franklin,100%,913,,299
VA,2521,457,Louisa,100%,896,,385
VA,2222,479,Orange,100%,911,,379
VA,2509,480,Goochland,100%,692,,312
VA,1754,246,Staunton,100%,1189,,715
VA,2165,411,Gloucester,100%,912,,354
VA,2537,323,Caroline,100%,744,,222
VA,2697,298,Henry,100%,635,,143
VA,1991,357,Fluvanna,100%,818,,477
VA,2418,245,Prince George,100%,636,,169
VA,1434,281,Williamsburg,100%,1131,,625
VA,1666,320,Winchester,100%,977,,413
VA,2165,319,Campbell,100%,646,,228
VA,1703,312,Shenandoah,100%,880,,346
VA,1583,334,Warren,100%,900,,344
VA,2026,374,Accomack,100%,598,,173
VA,2366,235,Dinwiddie,100%,466,,93
VA,1812,322,Powhatan,100%,698,,272
VA,2111,292,Mecklenburg,100%,491,,173
VA,2324,226,Halifax,100%,465,,95
VA,1602,258,Washington,100%,820,,311
VA,1673,318,Botetourt,100%,693,,286
VA,1569,311,Rockbridge,100%,533,,320
VA,1320,203,Waynesboro,100%,778,,321
VA,1583,279,New Kent,100%,477,,211
VA,1451,263,King George,100%,565,,236
VA,1312,238,Salem,100%,689,,275
VA,1339,239,Nelson,100%,560,,303
VA,1521,161,Amherst,100%,431,,195
VA,1209,275,Clarke,100%,525,,249
VA,1220,245,Pulaski,100%,585,,192
VA,1453,189,Prince Edward,100%,350,,230
VA,1444,182,Hopewell,100%,350,,184
VA,1438,246,Westmoreland,100%,345,,105
VA,916,190,Greene,100%,526,,253
VA,1325,196,Southampton,100%,285,,73
VA,1212,253,Lancaster,100%,240,,98
VA,1366,173,Brunswick,100%,243,,50
VA,1150,227,Northampton,100%,284,,83
VA,705,124,Radford,100%,654,,240
VA,628,108,Floyd,100%,740,,231
VA,1049,175,King William,100%,330,,112
VA,765,141,Manassas Park,100%,593,,159
VA,1117,178,Martinsville,100%,267,,54
VA,1061,203,Northumberland,100%,178,,90
VA,770,157,Carroll,100%,425,,107
VA,945,130,Buckingham,100%,284,,78
VA,749,95,Tazewell,100%,404,,91
VA,716,130,Colonial Heights,100%,402,,123
VA,756,156,Madison,100%,308,,151
VA,863,149,Middlesex,100%,255,,89
VA,656,114,Wythe,100%,424,,134
VA,977,103,Surry,100%,207,,49
VA,884,119,Nottoway,100%,233,,72
VA,631,144,Poquoson,100%,355,,111
VA,676,133,Rappahannock,100%,330,,124
VA,693,128,Page,100%,325,,116
VA,1014,95,Sussex,100%,146,,21
VA,552,69,Wise,100%,469,,113
VA,848,129,Franklin City,100%,173,,49
VA,874,94,Lunenburg,100%,171,,53
VA,860,102,Charles City,100%,169,,46
VA,852,118,Essex,100%,138,,65
VA,565,106,Lexington,100%,227,,263
VA,629,85,Smyth,100%,315,,80
VA,541,97,Giles,100%,332,,113
VA,765,103,Amelia,100%,171,,46
VA,826,90,Greensville,100%,144,,24
VA,586,103,Alleghany,100%,234,,96
VA,608,133,Mathews,100%,211,,89
VA,550,121,Patrick,100%,252,,87
VA,667,71,Appomattox,100%,220,,57
VA,512,74,Bristol,100%,325,,94
VA,696,62,Cumberland,100%,164,,57
VA,542,66,Russell,100%,291,,45
VA,702,86,Charlotte,100%,127,,43
VA,551,66,King and Queen,100%,136,,47
VA,425,60,Grayson,100%,182,,76
VA,403,65,Buchanan,100%,143,,35
VA,444,54,Richmond,100%,81,,40
VA,324,37,Scott,100%,201,,38
VA,313,32,Dickenson,100%,178,,15
VA,412,53,Emporia,100%,67,,16
VA,308,31,Lee,100%,121,,26
VA,241,29,Covington,100%,86,,27
VA,190,36,Buena Vista,100%,87,,51
VA,187,41,Bath,100%,68,,33
VA,166,33,Craig,100%,95,,40
VA,173,39,Galax,100%,82,,20
VA,139,24,Bland,100%,81,,43
VA,146,10,Highland,100%,74,,38
VA,74,10,Norton,100%,52,,13
VT,1875,761,,100%,8950,Burlington,2302
VT,1591,892,,100%,3284,South Burlington,891
VT,1261,629,,100%,3017,Essex,694
VT,556,175,,100%,2200,Brattleboro,644
VT,806,431,,100%,1878,Colchester,367
VT,560,193,,100%,1728,Montpelier,765
VT,867,379,,100%,1264,Williston,365
VT,840,393,,100%,1365,Rutland,250
VT,790,431,,100%,1051,Shelburne,449
VT,771,198,,100%,1327,Hartford,423
VT,819,229,,100%,1353,Bennington,286
VT,526,238,,100%,947,Middlebury,510
VT,280,82,,100%,1313,Winooski,330
VT,460,189,,100%,1047,Milton,148
VT,408,180,,100%,891,Waterbury,228
VT,551,112,,100%,585,Norwich,409
VT,399,149,,100%,826,Jericho,274
VT,419,153,,100%,840,Springfield,129
VT,328,166,,100%,772,Hinesburg,228
VT,413,191,,100%,622,Charlotte,268
VT,445,166,,100%,720,Barre Town,119
VT,327,114,,100%,774,Richmond,238
VT,427,259,,100%,595,Stowe,147
VT,294,125,,100%,746,Barre,154
VT,286,154,,100%,728,Morristown,131
VT,346,216,,100%,586,St. Albans Town,78
VT,291,132,,100%,621,St. Johnsbury,175
VT,329,169,,100%,486,Woodstock,141
VT,291,140,,100%,588,St. Albans,86
VT,217,67,,100%,667,Rockingham,151
VT,377,147,,100%,431,Manchester,120
VT,280,54,,100%,466,Thetford,222
VT,226,89,,100%,550,Underhill,146
VT,234,107,,100%,568,Fairfax,92
VT,164,76,,100%,598,Bristol,164
VT,187,83,,100%,606,Randolph,112
VT,341,131,,100%,353,Rutland Town,72
VT,221,97,,100%,442,Hartland,145
VT,223,104,,100%,469,Northfield,95
VT,162,50,,100%,540,Westminster,139
VT,157,62,,100%,471,East Montpelier,192
VT,128,27,,100%,514,Putney,175
VT,163,92,,100%,508,Cambridge,65
VT,175,58,,100%,488,Windsor,101
VT,219,120,,100%,420,Georgia,59
VT,200,91,,100%,417,Ferrisburg,89
VT,228,138,,100%,386,Swanton,36
VT,210,97,,100%,396,Brandon,75
VT,208,80,,100%,407,Shaftsbury,79
VT,109,34,,100%,452,Huntington,136
VT,165,98,,100%,351,Waitsfield,93
VT,192,83,,100%,345,Castleton,58
VT,118,80,,100%,394,Vergennes,96
VT,153,63,,100%,383,Monkton,73
VT,180,52,,100%,361,Chester,70
VT,136,34,,100%,364,Dummerston,127
VT,192,98,,100%,293,Derby,52
VT,130,93,,100%,336,Warren,68
VT,103,34,,100%,337,Middlesex,131
VT,96,39,,100%,368,Guilford,99
VT,125,61,,100%,360,Westford,62
VT,150,63,,100%,310,Lyndon,60
VT,200,66,,100%,282,Arlington,52
VT,156,85,,100%,277,South Hero,71
VT,208,108,,100%,208,Dorset,72
VT,124,56,,100%,356,Hyde Park,53
VT,154,79,,100%,295,Newport,48
VT,163,57,,100%,321,Weathersfield,42
VT,110,46,,100%,350,Moretown,71
VT,104,54,,100%,338,Royalton,80
VT,70,35,,100%,408,Johnson,40
VT,141,56,,100%,274,Berlin,73
VT,87,17,,100%,325,Calais,107
VT,127,77,,100%,281,Grand Isle,51
VT,131,58,,100%,276,Pownal,49
VT,143,59,,100%,277,Poultney,48
VT,155,75,,100%,244,Pittsford,44
VT,91,42,,100%,314,Hardwick,59
VT,69,34,,100%,330,Lincoln,78
VT,139,45,,100%,252,Danville,60
VT,98,32,,100%,298,Newfane,76
VT,122,50,,100%,257,New Haven,55
VT,95,53,,100%,243,Fayston,66
VT,129,35,,100%,233,Bradford,56
VT,123,38,,100%,188,Cornwall,107
VT,106,69,,100%,221,Williamstown,42
VT,129,42,,100%,235,Vernon,34
VT,126,61,,100%,209,Ludlow,41
VT,124,52,,100%,223,Fair Haven,26
VT,78,42,,100%,254,Duxbury,53
VT,124,43,,100%,213,Wallingford,40
VT,74,18,,100%,237,Strafford,97
VT,88,23,,100%,262,Bethel,46
VT,98,59,,100%,209,Wilmington,38
VT,69,22,,100%,258,Starksboro,59
VT,114,50,,100%,177,Londonderry,45
VT,38,17,,100%,243,Plainfield,74
VT,94,52,,100%,179,Alburgh,25
VT,75,38,,100%,209,Barnet,55
VT,65,11,,100%,222,Marlboro,93
VT,77,14,,100%,224,Cabot,47
VT,124,36,,100%,155,West Windsor,47
VT,69,27,,100%,210,Newbury,57
VT,113,48,,100%,170,Clarendon,27
VT,88,39,,100%,152,Weybridge,80
VT,62,34,,100%,211,Bolton,52
VT,71,16,,100%,222,Sharon,56
VT,35,12,,100%,258,Marshfield,50
VT,105,42,,100%,165,Highgate,11
VT,82,27,,100%,187,Pawlet,43
VT,48,18,,100%,219,Worcester,46
VT,100,33,,100%,174,Fairfield,23
VT,73,52,,100%,179,Barton,26
VT,80,43,,100%,165,Chittenden,30
VT,96,46,,100%,158,Dover,21
VT,80,31,,100%,166,Burke,43
VT,91,32,,100%,155,Pomfret,34
VT,53,17,,100%,215,Rochester,32
VT,93,38,,100%,153,Proctor,26
VT,96,34,,100%,146,Mount Holly,23
VT,89,30,,100%,173,West Rutland,16
VT,54,25,,100%,180,Craftsbury,45
VT,55,19,,100%,190,Tunbridge,42
VT,75,24,,100%,153,Brookfield,34
VT,81,65,,100%,132,Killington,19
VT,87,26,,100%,159,Elmore,26
VT,92,23,,100%,141,Shoreham,44
VT,55,18,,100%,180,Townshend,36
VT,76,32,,100%,169,Enosburgh,17
VT,59,22,,100%,198,Wolcott,16
VT,70,27,,100%,151,Barnard,39
VT,83,34,,100%,124,Addison,39
VT,70,45,,100%,124,North Hero,26
VT,69,18,,100%,138,Fairlee,43
VT,36,28,,100%,186,Montgomery,21
VT,75,29,,100%,135,Shrewsbury,25
VT,56,31,,100%,158,Richford,19
VT,56,23,,100%,144,Corinth,39
VT,60,36,,100%,143,Cavendish,17
VT,80,37,,100%,112,Mendon,24
VT,56,26,,100%,140,Fletcher,30
VT,85,36,,100%,100,Salisbury,29
VT,67,41,,100%,101,Orwell,30
VT,44,28,,100%,129,Middletown Springs,42
VT,72,28,,100%,106,Bridport,33
VT,48,26,,100%,142,Bakersfield,26
VT,66,13,,100%,124,Whitingham,23
VT,47,22,,100%,135,Braintree,32
VT,42,19,,100%,122,Peacham,50
VT,63,30,,100%,111,Winhall,28
VT,71,24,,100%,107,Sunderland,28
VT,70,24,,100%,112,Bridgewater,21
VT,44,14,,100%,134,Ripton,30
VT,65,24,,100%,111,Waterford,20
VT,65,20,,100%,103,Ryegate,22
VT,42,13,,100%,130,Chelsea,18
VT,38,14,,100%,128,Glover,29
VT,60,22,,100%,113,Jamaica,17
VT,76,22,,100%,85,Reading,28
VT,48,22,,100%,118,Sheldon,11
VT,35,7,,100%,115,Halifax,37
VT,59,24,,100%,97,Weston,15
VT,46,16,,100%,105,Greensboro,25
VT,46,27,,100%,101,Wells,16
VT,35,2,,100%,127,Woodbury,27
VT,39,19,,100%,111,Danby,16
VT,54,14,,100%,95,Grafton,23
VT,48,18,,100%,93,Washington,20
VT,18,17,,100%,117,Walden,26
VT,31,14,,100%,104,Roxbury,21
VT,53,17,,100%,82,Rupert,17
VT,47,12,,100%,87,Wardsboro,28
VT,47,34,,100%,75,Canaan,10
VT,30,5,,100%,104,Vershire,29
VT,58,21,,100%,74,Brighton,15
VT,39,13,,100%,93,St. George,22
VT,51,16,,100%,87,Leicester,15
VT,43,25,,100%,85,Benson,10
VT,39,32,,100%,81,Franklin,11
VT,37,16,,100%,102,Troy,5
VT,50,27,,100%,68,Newport Town,16
VT,29,22,,100%,94,Stockbridge,17
VT,47,19,,100%,71,Concord,9
VT,38,13,,100%,85,Groton,15
VT,47,13,,100%,70,Plymouth,26
VT,53,12,,100%,56,Stamford,30
VT,41,22,,100%,75,Panton,13
VT,37,28,,100%,79,Berkshire,7
VT,31,10,,100%,92,Albany,16
VT,24,26,,100%,86,Eden,8
VT,28,9,,100%,92,Charleston,14
VT,37,16,,100%,73,Sudbury,16
VT,46,9,,100%,75,Waltham,9
VT,44,22,,100%,55,Andover,18
VT,35,11,,100%,81,Readsboro,9
VT,36,14,,100%,69,Sutton,17
VT,35,14,,100%,76,Hubbardton,9
VT,28,25,,100%,75,Isle La Motte,5
VT,33,16,,100%,68,Tinmouth,11
VT,27,7,,100%,77,Topsham,22
VT,28,15,,100%,82,Coventry,11
VT,33,8,,100%,86,Wheelock,8
VT,27,6,,100%,80,West Fairlee,13
VT,39,11,,100%,64,Lunenburg,9
VT,28,14,,100%,74,Irasburg,8
VT,26,9,,100%,63,Kirby,18
VT,30,7,,100%,71,Brookline,13
VT,34,13,,100%,59,Peru,12
VT,27,15,,100%,67,Westfield,12
VT,31,14,,100%,66,Pittsfield,4
VT,36,12,,100%,58,Windham,8
VT,23,5,,100%,74,Waterville,7
VT,21,10,,100%,66,Orange,7
VT,18,8,,100%,48,Newark,16
VT,8,6,,100%,70,Granville,8
VT,19,12,,100%,46,Lowell,9
VT,20,10,,100%,42,Brownington,7
VT,18,9,,100%,46,Whiting,5
VT,16,10,,100%,42,Sandgate,12
VT,12,15,,100%,43,Sheffield,8
VT,22,10,,100%,33,Morgan,6
VT,20,7,,100%,37,Ira,3
VT,12,6,,100%,35,Athens,12
VT,23,8,,100%,35,Holland,3
VT,22,7,,100%,38,West Haven,2
VT,17,5,,100%,41,Woodford,6
VT,18,14,,100%,23,Landgrove,13
VT,15,4,,100%,40,Jay,5
VT,26,5,,100%,27,Stratton,5
VT,13,2,,100%,38,Goshen,9
VT,15,7,,100%,34,Westmore,5
VT,4,3,,100%,48,Hancock,6
VT,20,9,,100%,21,Maidstone,2
VT,12,4,,100%,32,Guildhall,5
VT,8,4,,100%,34,Belvidere,2
VT,15,9,,100%,19,East Haven,3
VT,11,4,,100%,26,Baltimore,3
VT,3,3,,100%,30,Stannard,4
VT,10,5,,100%,13,Bloomfield,0
VT,7,5,,100%,12,Mount Tabor,4
VT,9,1,,100%,11,Norton,0
VT,7,4,,100%,7,Brunswick,1
VT,5,3,,100%,9,Searsburg,0
VT,5,0,,100%,7,Lemington,1
VT,3,0,,100%,10,Victory,0
VT,3,0,,100%,4,Granby,0
